Date,Adj Close,Close,High,Low,Open,Volume
2017-08-18 00:00:00,2.75,2.75,2.7899999618530273,2.630000114440918,2.630000114440918,5900.0
2017-08-21 00:00:00,2.8399999141693115,2.8399999141693115,2.8499999046325684,2.7200000286102295,2.7799999713897705,20000.0
2017-08-22 00:00:00,2.7799999713897705,2.7799999713897705,2.9700000286102295,2.740000009536743,2.819999933242798,13300.0
2017-08-23 00:00:00,2.759999990463257,2.759999990463257,2.9000000953674316,2.690000057220459,2.7899999618530273,19200.0
2017-08-24 00:00:00,2.819999933242798,2.819999933242798,2.869999885559082,2.740000009536743,2.7699999809265137,15500.0
2017-08-25 00:00:00,2.819999933242798,2.819999933242798,2.880000114440918,2.809999942779541,2.8499999046325684,10800.0
2017-08-28 00:00:00,2.819999933242798,2.819999933242798,2.819999933242798,2.819999933242798,2.819999933242798,0.0
2017-08-29 00:00:00,2.680000066757202,2.680000066757202,2.740000009536743,2.6500000953674316,2.7300000190734863,4400.0
2017-08-30 00:00:00,2.5999999046325684,2.5999999046325684,2.680000066757202,2.549999952316284,2.6500000953674316,3300.0
2017-08-31 00:00:00,2.6700000762939453,2.6700000762939453,2.6700000762939453,2.559999942779541,2.559999942779541,1900.0
2017-09-01 00:00:00,2.630000114440918,2.630000114440918,2.630000114440918,2.5,2.609999895095825,8900.0
2017-09-05 00:00:00,2.559999942779541,2.559999942779541,2.569999933242798,2.5199999809265137,2.5399999618530273,4600.0
2017-09-06 00:00:00,2.5399999618530273,2.5399999618530273,2.559999942779541,2.5399999618530273,2.559999942779541,500.0
2017-09-07 00:00:00,2.5199999809265137,2.5199999809265137,2.619999885559082,2.509999990463257,2.619999885559082,7300.0
2017-09-08 00:00:00,2.509999990463257,2.509999990463257,2.5199999809265137,2.509999990463257,2.5199999809265137,300.0
2017-09-11 00:00:00,2.509999990463257,2.509999990463257,2.5999999046325684,2.509999990463257,2.509999990463257,6100.0
2017-09-12 00:00:00,2.5999999046325684,2.5999999046325684,2.6700000762939453,2.5399999618530273,2.5399999618530273,5500.0
2017-09-13 00:00:00,2.5399999618530273,2.5399999618530273,2.5399999618530273,2.509999990463257,2.5199999809265137,400.0
2017-09-14 00:00:00,2.5299999713897705,2.5299999713897705,2.8399999141693115,2.5,2.5299999713897705,8800.0
2017-09-15 00:00:00,2.5799999237060547,2.5799999237060547,2.5799999237060547,2.559999942779541,2.559999942779541,600.0
2017-09-18 00:00:00,2.630000114440918,2.630000114440918,2.700000047683716,2.630000114440918,2.700000047683716,700.0
2017-09-19 00:00:00,2.6600000858306885,2.6600000858306885,2.7200000286102295,2.6500000953674316,2.6500000953674316,4600.0
2017-09-20 00:00:00,2.6700000762939453,2.6700000762939453,2.6700000762939453,2.640000104904175,2.6500000953674316,1200.0
2017-09-21 00:00:00,2.6700000762939453,2.6700000762939453,2.6700000762939453,2.6700000762939453,2.6700000762939453,0.0
2017-09-22 00:00:00,2.5399999618530273,2.5399999618530273,2.5399999618530273,2.5399999618530273,2.5399999618530273,200.0
2017-09-25 00:00:00,2.5899999141693115,2.5899999141693115,2.630000114440918,2.549999952316284,2.630000114440918,600.0
2017-09-26 00:00:00,2.559999942779541,2.559999942779541,2.609999895095825,2.509999990463257,2.609999895095825,9500.0
2017-09-27 00:00:00,2.6500000953674316,2.6500000953674316,2.6500000953674316,2.509999990463257,2.509999990463257,400.0
2017-09-28 00:00:00,2.4000000953674316,2.4000000953674316,2.559999942779541,2.299999952316284,2.559999942779541,13200.0
2017-09-29 00:00:00,2.4000000953674316,2.4000000953674316,2.4000000953674316,2.4000000953674316,2.4000000953674316,0.0
2017-10-02 00:00:00,2.5,2.5,2.559999942779541,2.430000066757202,2.430000066757202,900.0
2017-10-03 00:00:00,2.4600000381469727,2.4600000381469727,2.4600000381469727,2.4600000381469727,2.4600000381469727,600.0
2017-10-04 00:00:00,2.5399999618530273,2.5399999618530273,2.630000114440918,2.4800000190734863,2.4800000190734863,5700.0
2017-10-05 00:00:00,2.5399999618530273,2.5399999618530273,2.5399999618530273,2.450000047683716,2.5399999618530273,5300.0
2017-10-06 00:00:00,2.5399999618530273,2.5399999618530273,2.5399999618530273,2.5399999618530273,2.5399999618530273,0.0
2017-10-09 00:00:00,2.630000114440918,2.630000114440918,2.630000114440918,2.4200000762939453,2.4200000762939453,3900.0
2017-10-10 00:00:00,2.690000057220459,2.690000057220459,2.859999895095825,2.619999885559082,2.7899999618530273,5700.0
2017-10-11 00:00:00,2.4800000190734863,2.4800000190734863,2.6500000953674316,2.4800000190734863,2.640000104904175,12500.0
2017-10-12 00:00:00,2.640000104904175,2.640000104904175,2.6600000858306885,2.559999942779541,2.559999942779541,18600.0
2017-10-13 00:00:00,2.5899999141693115,2.5899999141693115,2.690000057220459,2.5899999141693115,2.690000057220459,1400.0
2017-10-16 00:00:00,2.5,2.5,2.5899999141693115,2.4200000762939453,2.5899999141693115,5600.0
2017-10-17 00:00:00,2.490000009536743,2.490000009536743,2.549999952316284,2.490000009536743,2.549999952316284,400.0
2017-10-18 00:00:00,2.4600000381469727,2.4600000381469727,2.5799999237060547,2.4600000381469727,2.5799999237060547,700.0
2017-10-19 00:00:00,2.369999885559082,2.369999885559082,2.5199999809265137,2.3499999046325684,2.4800000190734863,8700.0
2017-10-20 00:00:00,2.3499999046325684,2.3499999046325684,2.4000000953674316,2.3499999046325684,2.4000000953674316,15300.0
2017-10-23 00:00:00,2.4800000190734863,2.4800000190734863,2.4800000190734863,2.4200000762939453,2.4200000762939453,2000.0
2017-10-24 00:00:00,2.4200000762939453,2.4200000762939453,2.4200000762939453,2.390000104904175,2.390000104904175,3500.0
2017-10-25 00:00:00,2.4100000858306885,2.4100000858306885,2.4800000190734863,2.380000114440918,2.4700000286102295,1200.0
2017-10-26 00:00:00,2.1600000858306885,2.1600000858306885,2.4000000953674316,2.1600000858306885,2.380000114440918,5400.0
2017-10-27 00:00:00,2.2899999618530273,2.2899999618530273,2.2899999618530273,2.2100000381469727,2.2100000381469727,600.0
2017-10-30 00:00:00,2.2899999618530273,2.2899999618530273,2.2899999618530273,2.2899999618530273,2.2899999618530273,0.0
2017-10-31 00:00:00,2.259999990463257,2.259999990463257,2.4800000190734863,2.259999990463257,2.3299999237060547,22100.0
2017-11-01 00:00:00,2.3499999046325684,2.3499999046325684,2.380000114440918,2.299999952316284,2.299999952316284,4600.0
2017-11-02 00:00:00,2.200000047683716,2.200000047683716,2.299999952316284,2.200000047683716,2.2799999713897705,6600.0
2017-11-03 00:00:00,2.2100000381469727,2.2100000381469727,2.2100000381469727,2.2100000381469727,2.2100000381469727,1700.0
2017-11-06 00:00:00,2.4000000953674316,2.4000000953674316,2.4700000286102295,2.190000057220459,2.190000057220459,2400.0
2017-11-07 00:00:00,2.4000000953674316,2.4000000953674316,2.4000000953674316,2.4000000953674316,2.4000000953674316,0.0
2017-11-08 00:00:00,2.4000000953674316,2.4000000953674316,2.4000000953674316,2.4000000953674316,2.4000000953674316,0.0
2017-11-09 00:00:00,2.2200000286102295,2.2200000286102295,2.259999990463257,2.140000104904175,2.140000104904175,7200.0
2017-11-10 00:00:00,2.440000057220459,2.440000057220459,2.440000057220459,2.4000000953674316,2.4200000762939453,4200.0
2017-11-13 00:00:00,2.25,2.25,2.319999933242798,2.190000057220459,2.299999952316284,1300.0
2017-11-14 00:00:00,2.319999933242798,2.319999933242798,2.319999933242798,2.2899999618530273,2.299999952316284,2100.0
2017-11-15 00:00:00,2.5199999809265137,2.5199999809265137,2.940000057220459,2.3499999046325684,2.3499999046325684,25200.0
2017-11-16 00:00:00,2.559999942779541,2.559999942779541,2.6600000858306885,2.549999952316284,2.549999952316284,2500.0
2017-11-17 00:00:00,2.5999999046325684,2.5999999046325684,2.690000057220459,2.5799999237060547,2.630000114440918,15700.0
2017-11-20 00:00:00,2.559999942779541,2.559999942779541,2.5999999046325684,2.390000104904175,2.5799999237060547,8300.0
2017-11-21 00:00:00,2.450000047683716,2.450000047683716,2.630000114440918,2.430000066757202,2.450000047683716,5500.0
2017-11-22 00:00:00,2.4200000762939453,2.4200000762939453,2.5799999237060547,2.4000000953674316,2.4000000953674316,3200.0
2017-11-24 00:00:00,2.4200000762939453,2.4200000762939453,2.4200000762939453,2.4200000762939453,2.4200000762939453,0.0
2017-11-27 00:00:00,2.359999895095825,2.359999895095825,2.4000000953674316,2.359999895095825,2.390000104904175,800.0
2017-11-28 00:00:00,2.2799999713897705,2.2799999713897705,2.4600000381469727,2.25,2.450000047683716,11000.0
2017-11-29 00:00:00,2.369999885559082,2.369999885559082,2.450000047683716,2.25,2.25,15400.0
2017-11-30 00:00:00,2.380000114440918,2.380000114440918,2.4800000190734863,2.3499999046325684,2.359999895095825,14000.0
2017-12-01 00:00:00,2.4100000858306885,2.4100000858306885,2.619999885559082,2.3499999046325684,2.609999895095825,8300.0
2017-12-04 00:00:00,2.390000104904175,2.390000104904175,2.390000104904175,2.390000104904175,2.390000104904175,300.0
2017-12-05 00:00:00,2.319999933242798,2.319999933242798,2.509999990463257,2.299999952316284,2.359999895095825,8200.0
2017-12-06 00:00:00,2.3299999237060547,2.3299999237060547,2.380000114440918,2.3299999237060547,2.380000114440918,2400.0
2017-12-07 00:00:00,2.299999952316284,2.299999952316284,2.299999952316284,2.2300000190734863,2.2300000190734863,2500.0
2017-12-08 00:00:00,2.4000000953674316,2.4000000953674316,2.4000000953674316,2.25,2.259999990463257,1400.0
2017-12-11 00:00:00,2.4000000953674316,2.4000000953674316,2.4000000953674316,2.299999952316284,2.3299999237060547,7600.0
2017-12-12 00:00:00,2.309999942779541,2.309999942779541,2.309999942779541,2.309999942779541,2.309999942779541,200.0
2017-12-13 00:00:00,2.299999952316284,2.299999952316284,2.299999952316284,2.299999952316284,2.299999952316284,1000.0
2017-12-14 00:00:00,2.3399999141693115,2.3399999141693115,2.3399999141693115,2.3299999237060547,2.3299999237060547,1600.0
2017-12-15 00:00:00,2.3399999141693115,2.3399999141693115,2.3399999141693115,2.3399999141693115,2.3399999141693115,0.0
2017-12-18 00:00:00,2.180000066757202,2.180000066757202,2.180000066757202,2.180000066757202,2.180000066757202,200.0
2017-12-19 00:00:00,2.3499999046325684,2.3499999046325684,2.3499999046325684,2.259999990463257,2.299999952316284,5900.0
2017-12-20 00:00:00,2.299999952316284,2.299999952316284,2.4000000953674316,2.2100000381469727,2.4000000953674316,6000.0
2017-12-21 00:00:00,2.3299999237060547,2.3299999237060547,2.369999885559082,2.3299999237060547,2.3399999141693115,1700.0
2017-12-22 00:00:00,2.4000000953674316,2.4000000953674316,2.4000000953674316,2.369999885559082,2.369999885559082,2500.0
2017-12-26 00:00:00,2.4800000190734863,2.4800000190734863,2.4800000190734863,2.2300000190734863,2.319999933242798,16500.0
2017-12-27 00:00:00,2.3499999046325684,2.3499999046325684,2.450000047683716,2.3399999141693115,2.359999895095825,21800.0
2017-12-28 00:00:00,2.4000000953674316,2.4000000953674316,2.4000000953674316,2.259999990463257,2.369999885559082,7600.0
2017-12-29 00:00:00,2.2899999618530273,2.2899999618530273,2.4000000953674316,2.25,2.390000104904175,18600.0
2018-01-02 00:00:00,2.440000057220459,2.440000057220459,2.440000057220459,2.259999990463257,2.4000000953674316,17200.0
2018-01-03 00:00:00,2.430000066757202,2.430000066757202,2.5,2.309999942779541,2.490000009536743,7100.0
2018-01-04 00:00:00,2.450000047683716,2.450000047683716,2.569999933242798,2.2699999809265137,2.3399999141693115,4900.0
2018-01-05 00:00:00,2.450000047683716,2.450000047683716,2.4700000286102295,2.4000000953674316,2.4000000953674316,3600.0
2018-01-08 00:00:00,2.4600000381469727,2.4600000381469727,2.490000009536743,2.450000047683716,2.4600000381469727,9900.0
2018-01-09 00:00:00,2.430000066757202,2.430000066757202,2.430000066757202,2.430000066757202,2.430000066757202,600.0
2018-01-10 00:00:00,2.4000000953674316,2.4000000953674316,2.4100000858306885,2.380000114440918,2.380000114440918,7200.0
2018-01-11 00:00:00,2.369999885559082,2.369999885559082,2.450000047683716,2.369999885559082,2.4000000953674316,3100.0
2018-01-12 00:00:00,2.549999952316284,2.549999952316284,2.549999952316284,2.359999895095825,2.359999895095825,3200.0
2018-01-16 00:00:00,2.319999933242798,2.319999933242798,2.5399999618530273,2.299999952316284,2.5399999618530273,19300.0
2018-01-17 00:00:00,2.440000057220459,2.440000057220459,2.440000057220459,2.299999952316284,2.299999952316284,12600.0
2018-01-18 00:00:00,2.380000114440918,2.380000114440918,2.4000000953674316,2.299999952316284,2.319999933242798,13000.0
2018-01-19 00:00:00,2.4000000953674316,2.4000000953674316,2.430000066757202,2.359999895095825,2.380000114440918,2300.0
2018-01-22 00:00:00,2.299999952316284,2.299999952316284,2.390000104904175,2.2300000190734863,2.259999990463257,10700.0
2018-01-23 00:00:00,2.2799999713897705,2.2799999713897705,2.369999885559082,2.2300000190734863,2.25,12600.0
2018-01-24 00:00:00,2.3299999237060547,2.3299999237060547,2.3399999141693115,2.200000047683716,2.2100000381469727,12800.0
2018-01-25 00:00:00,2.25,2.25,2.2899999618530273,2.180000066757202,2.180000066757202,5800.0
2018-01-26 00:00:00,2.25,2.25,2.25,2.25,2.25,0.0
2018-01-29 00:00:00,2.2200000286102295,2.2200000286102295,2.319999933242798,2.2200000286102295,2.2200000286102295,22000.0
2018-01-30 00:00:00,2.2899999618530273,2.2899999618530273,2.299999952316284,2.2899999618530273,2.2899999618530273,700.0
2018-01-31 00:00:00,2.2200000286102295,2.2200000286102295,2.25,2.180000066757202,2.25,5100.0
2018-02-01 00:00:00,2.2200000286102295,2.2200000286102295,2.2200000286102295,2.2200000286102295,2.2200000286102295,0.0
2018-02-02 00:00:00,2.2200000286102295,2.2200000286102295,2.240000009536743,2.130000114440918,2.140000104904175,1100.0
2018-02-05 00:00:00,2.0999999046325684,2.0999999046325684,2.1500000953674316,2.0999999046325684,2.0999999046325684,7900.0
2018-02-06 00:00:00,2.0399999618530273,2.0399999618530273,2.0999999046325684,1.9800000190734863,2.049999952316284,18100.0
2018-02-07 00:00:00,1.9800000190734863,1.9800000190734863,2.059999942779541,1.9800000190734863,2.0399999618530273,1900.0
2018-02-08 00:00:00,2.0899999141693115,2.0899999141693115,2.0899999141693115,1.9800000190734863,1.9800000190734863,2300.0
2018-02-09 00:00:00,1.8700000047683716,1.8700000047683716,1.9700000286102295,1.840000033378601,1.9700000286102295,7700.0
2018-02-12 00:00:00,2.049999952316284,2.049999952316284,2.049999952316284,1.9199999570846558,1.9299999475479126,2200.0
2018-02-13 00:00:00,2.049999952316284,2.049999952316284,2.049999952316284,2.049999952316284,2.049999952316284,100.0
2018-02-14 00:00:00,2.049999952316284,2.049999952316284,2.049999952316284,2.049999952316284,2.049999952316284,0.0
2018-02-15 00:00:00,2.049999952316284,2.049999952316284,2.049999952316284,2.049999952316284,2.049999952316284,0.0
2018-02-16 00:00:00,2.049999952316284,2.049999952316284,2.049999952316284,2.049999952316284,2.049999952316284,0.0
2018-02-20 00:00:00,1.9900000095367432,1.9900000095367432,1.9900000095367432,1.9900000095367432,1.9900000095367432,500.0
2018-02-21 00:00:00,1.9199999570846558,1.9199999570846558,1.9800000190734863,1.899999976158142,1.899999976158142,5500.0
2018-02-22 00:00:00,1.850000023841858,1.850000023841858,1.909999966621399,1.850000023841858,1.899999976158142,6200.0
2018-02-23 00:00:00,1.850000023841858,1.850000023841858,1.850000023841858,1.850000023841858,1.850000023841858,1100.0
2018-02-26 00:00:00,1.7999999523162842,1.7999999523162842,1.850000023841858,1.7899999618530273,1.850000023841858,37100.0
2018-02-27 00:00:00,1.7300000190734863,1.7300000190734863,1.7999999523162842,1.7300000190734863,1.7999999523162842,26000.0
2018-02-28 00:00:00,1.7899999618530273,1.7899999618530273,1.7999999523162842,1.7799999713897705,1.7799999713897705,2100.0
2018-03-01 00:00:00,1.7899999618530273,1.7899999618530273,1.7899999618530273,1.7899999618530273,1.7899999618530273,0.0
2018-03-02 00:00:00,1.7899999618530273,1.7899999618530273,1.7899999618530273,1.7899999618530273,1.7899999618530273,0.0
2018-03-05 00:00:00,1.75,1.75,1.7799999713897705,1.7400000095367432,1.7799999713897705,1900.0
2018-03-06 00:00:00,1.7000000476837158,1.7000000476837158,1.7300000190734863,1.7000000476837158,1.7300000190734863,11400.0
2018-03-07 00:00:00,1.7000000476837158,1.7000000476837158,1.7000000476837158,1.7000000476837158,1.7000000476837158,100.0
2018-03-08 00:00:00,1.6399999856948853,1.6399999856948853,1.7000000476837158,1.6200000047683716,1.7000000476837158,2100.0
2018-03-09 00:00:00,1.7000000476837158,1.7000000476837158,1.7000000476837158,1.6399999856948853,1.6399999856948853,700.0
2018-03-12 00:00:00,1.7000000476837158,1.7000000476837158,1.7000000476837158,1.6399999856948853,1.7000000476837158,12900.0
2018-03-13 00:00:00,1.6699999570846558,1.6699999570846558,1.7000000476837158,1.6399999856948853,1.7000000476837158,700.0
2018-03-14 00:00:00,1.6699999570846558,1.6699999570846558,1.6699999570846558,1.6699999570846558,1.6699999570846558,0.0
2018-03-15 00:00:00,1.7100000381469727,1.7100000381469727,1.7899999618530273,1.7100000381469727,1.7100000381469727,4400.0
2018-03-16 00:00:00,1.7999999523162842,1.7999999523162842,1.7999999523162842,1.7599999904632568,1.7599999904632568,1000.0
2018-03-19 00:00:00,1.8700000047683716,1.8700000047683716,1.899999976158142,1.7200000286102295,1.8899999856948853,48400.0
2018-03-20 00:00:00,1.8799999952316284,1.8799999952316284,1.8899999856948853,1.8300000429153442,1.8799999952316284,13000.0
2018-03-21 00:00:00,1.7999999523162842,1.7999999523162842,1.809999942779541,1.7899999618530273,1.809999942779541,1300.0
2018-03-22 00:00:00,1.7400000095367432,1.7400000095367432,1.75,1.7000000476837158,1.7400000095367432,10400.0
2018-03-23 00:00:00,1.7400000095367432,1.7400000095367432,1.7400000095367432,1.7400000095367432,1.7400000095367432,0.0
2018-03-26 00:00:00,1.8600000143051147,1.8600000143051147,1.8899999856948853,1.659999966621399,1.7400000095367432,19000.0
2018-03-27 00:00:00,1.6799999475479126,1.6799999475479126,1.7100000381469727,1.6799999475479126,1.6799999475479126,7600.0
2018-03-28 00:00:00,1.7000000476837158,1.7000000476837158,1.7000000476837158,1.649999976158142,1.6799999475479126,2200.0
2018-03-29 00:00:00,1.7300000190734863,1.7300000190734863,1.7300000190734863,1.7300000190734863,1.7300000190734863,400.0
2018-04-02 00:00:00,1.850000023841858,1.850000023841858,1.8899999856948853,1.7100000381469727,1.7300000190734863,32100.0
2018-04-03 00:00:00,1.7300000190734863,1.7300000190734863,1.8700000047683716,1.7200000286102295,1.8200000524520874,29500.0
2018-04-04 00:00:00,1.7200000286102295,1.7200000286102295,1.8600000143051147,1.7000000476837158,1.7000000476837158,15000.0
2018-04-05 00:00:00,1.7999999523162842,1.7999999523162842,1.7999999523162842,1.7200000286102295,1.7799999713897705,3300.0
2018-04-06 00:00:00,1.75,1.75,1.75,1.7100000381469727,1.7100000381469727,1100.0
2018-04-09 00:00:00,1.7999999523162842,1.7999999523162842,1.7999999523162842,1.7999999523162842,1.7999999523162842,200.0
2018-04-10 00:00:00,1.7200000286102295,1.7200000286102295,1.75,1.690000057220459,1.75,34600.0
2018-04-11 00:00:00,1.7200000286102295,1.7200000286102295,1.7599999904632568,1.7200000286102295,1.7599999904632568,5100.0
2018-04-12 00:00:00,1.7200000286102295,1.7200000286102295,1.7400000095367432,1.7200000286102295,1.7400000095367432,4600.0
2018-04-13 00:00:00,1.7200000286102295,1.7200000286102295,1.7200000286102295,1.7200000286102295,1.7200000286102295,0.0
2018-04-16 00:00:00,1.7200000286102295,1.7200000286102295,1.7200000286102295,1.7200000286102295,1.7200000286102295,0.0
2018-04-17 00:00:00,1.7200000286102295,1.7200000286102295,1.7200000286102295,1.7200000286102295,1.7200000286102295,0.0
2018-04-18 00:00:00,1.7200000286102295,1.7200000286102295,1.7200000286102295,1.7200000286102295,1.7200000286102295,0.0
2018-04-19 00:00:00,1.7200000286102295,1.7200000286102295,1.7200000286102295,1.7200000286102295,1.7200000286102295,0.0
2018-04-20 00:00:00,1.6799999475479126,1.6799999475479126,1.7100000381469727,1.6399999856948853,1.7100000381469727,2000.0
2018-04-23 00:00:00,1.6399999856948853,1.6399999856948853,1.6399999856948853,1.6399999856948853,1.6399999856948853,2000.0
2018-04-24 00:00:00,1.6799999475479126,1.6799999475479126,1.6799999475479126,1.6100000143051147,1.6399999856948853,3800.0
2018-04-25 00:00:00,1.7000000476837158,1.7000000476837158,1.7000000476837158,1.649999976158142,1.649999976158142,1200.0
2018-04-26 00:00:00,1.7000000476837158,1.7000000476837158,1.7000000476837158,1.7000000476837158,1.7000000476837158,0.0
2018-04-27 00:00:00,1.7000000476837158,1.7000000476837158,1.7000000476837158,1.7000000476837158,1.7000000476837158,0.0
2018-04-30 00:00:00,1.5499999523162842,1.5499999523162842,1.6100000143051147,1.5499999523162842,1.6100000143051147,2300.0
2018-05-01 00:00:00,1.6299999952316284,1.6299999952316284,1.6299999952316284,1.6299999952316284,1.6299999952316284,200.0
2018-05-02 00:00:00,1.6299999952316284,1.6299999952316284,1.649999976158142,1.6299999952316284,1.6399999856948853,2100.0
2018-05-03 00:00:00,1.6299999952316284,1.6299999952316284,1.6299999952316284,1.6299999952316284,1.6299999952316284,0.0
2018-05-04 00:00:00,1.690000057220459,1.690000057220459,1.690000057220459,1.600000023841858,1.600000023841858,42800.0
2018-05-07 00:00:00,2.4100000858306885,2.4100000858306885,3.940000057220459,1.5800000429153442,1.690000057220459,2166800.0
2018-05-08 00:00:00,1.9600000381469727,1.9600000381469727,2.2899999618530273,1.9199999570846558,2.2899999618530273,202700.0
2018-05-09 00:00:00,2.0,2.0,2.0899999141693115,1.899999976158142,1.899999976158142,59000.0
2018-05-10 00:00:00,2.0799999237060547,2.0799999237060547,2.0999999046325684,1.8700000047683716,1.899999976158142,19100.0
2018-05-11 00:00:00,1.8799999952316284,1.8799999952316284,2.0199999809265137,1.8600000143051147,2.0199999809265137,28900.0
2018-05-14 00:00:00,1.8200000524520874,1.8200000524520874,1.9800000190734863,1.7799999713897705,1.9800000190734863,21000.0
2018-05-15 00:00:00,2.1500000953674316,2.1500000953674316,2.1500000953674316,1.850000023841858,1.9199999570846558,12600.0
2018-05-16 00:00:00,1.9500000476837158,1.9500000476837158,2.059999942779541,1.909999966621399,2.0,20500.0
2018-05-17 00:00:00,2.0199999809265137,2.0199999809265137,2.130000114440918,1.9600000381469727,1.9600000381469727,13300.0
2018-05-18 00:00:00,1.9600000381469727,1.9600000381469727,2.130000114440918,1.9600000381469727,1.9600000381469727,10400.0
2018-05-21 00:00:00,2.109999895095825,2.109999895095825,2.2799999713897705,1.8600000143051147,1.8600000143051147,15900.0
2018-05-22 00:00:00,1.9600000381469727,1.9600000381469727,2.0199999809265137,1.9299999475479126,2.0199999809265137,4100.0
2018-05-23 00:00:00,2.0299999713897705,2.0299999713897705,2.119999885559082,1.940000057220459,1.9500000476837158,17000.0
2018-05-24 00:00:00,1.9500000476837158,1.9500000476837158,1.9900000095367432,1.899999976158142,1.909999966621399,2600.0
2018-05-25 00:00:00,1.9500000476837158,1.9500000476837158,1.9600000381469727,1.9199999570846558,1.9199999570846558,2700.0
2018-05-29 00:00:00,1.9600000381469727,1.9600000381469727,1.9700000286102295,1.8700000047683716,1.8700000047683716,6200.0
2018-05-30 00:00:00,1.9600000381469727,1.9600000381469727,1.9600000381469727,1.9600000381469727,1.9600000381469727,200.0
2018-05-31 00:00:00,1.8799999952316284,1.8799999952316284,1.9500000476837158,1.8799999952316284,1.9299999475479126,7900.0
2018-06-01 00:00:00,1.899999976158142,1.899999976158142,1.909999966621399,1.8799999952316284,1.8799999952316284,3300.0
2018-06-04 00:00:00,1.9500000476837158,1.9500000476837158,1.9500000476837158,1.899999976158142,1.9199999570846558,4800.0
2018-06-05 00:00:00,1.9500000476837158,1.9500000476837158,1.9500000476837158,1.9500000476837158,1.9500000476837158,0.0
2018-06-06 00:00:00,1.8700000047683716,1.8700000047683716,2.1500000953674316,1.8700000047683716,1.9299999475479126,23300.0
2018-06-07 00:00:00,1.940000057220459,1.940000057220459,1.940000057220459,1.8600000143051147,1.899999976158142,5500.0
2018-06-08 00:00:00,1.9199999570846558,1.9199999570846558,1.9199999570846558,1.9199999570846558,1.9199999570846558,100.0
2018-06-11 00:00:00,1.8600000143051147,1.8600000143051147,1.9500000476837158,1.850000023841858,1.850000023841858,600.0
2018-06-12 00:00:00,1.940000057220459,1.940000057220459,1.940000057220459,1.9199999570846558,1.9199999570846558,1300.0
2018-06-13 00:00:00,1.8899999856948853,1.8899999856948853,1.8899999856948853,1.8899999856948853,1.8899999856948853,300.0
2018-06-14 00:00:00,1.899999976158142,1.899999976158142,1.899999976158142,1.899999976158142,1.899999976158142,100.0
2018-06-15 00:00:00,1.9600000381469727,1.9600000381469727,1.9800000190734863,1.9600000381469727,1.9800000190734863,2400.0
2018-06-18 00:00:00,2.130000114440918,2.130000114440918,2.190000057220459,1.850000023841858,1.850000023841858,149300.0
2018-06-19 00:00:00,1.7999999523162842,1.7999999523162842,2.059999942779541,1.7699999809265137,2.049999952316284,143500.0
2018-06-20 00:00:00,1.8200000524520874,1.8200000524520874,1.8799999952316284,1.7699999809265137,1.7699999809265137,11400.0
2018-06-21 00:00:00,1.7400000095367432,1.7400000095367432,1.8300000429153442,1.7400000095367432,1.7999999523162842,12900.0
2018-06-22 00:00:00,1.7599999904632568,1.7599999904632568,1.840000033378601,1.7599999904632568,1.7799999713897705,1500.0
2018-06-25 00:00:00,2.0799999237060547,2.0799999237060547,2.0899999141693115,1.7999999523162842,1.8899999856948853,83800.0
2018-06-26 00:00:00,2.0399999618530273,2.0399999618530273,2.059999942779541,1.8799999952316284,2.059999942779541,20500.0
2018-06-27 00:00:00,1.850000023841858,1.850000023841858,1.9700000286102295,1.850000023841858,1.9700000286102295,8600.0
2018-06-28 00:00:00,1.909999966621399,1.909999966621399,2.069999933242798,1.7799999713897705,1.850000023841858,16500.0
2018-06-29 00:00:00,1.909999966621399,1.909999966621399,1.909999966621399,1.909999966621399,1.909999966621399,0.0
2018-07-02 00:00:00,1.8700000047683716,1.8700000047683716,1.9199999570846558,1.809999942779541,1.8300000429153442,11300.0
2018-07-03 00:00:00,1.8200000524520874,1.8200000524520874,1.9600000381469727,1.8200000524520874,1.940000057220459,6600.0
2018-07-05 00:00:00,1.8300000429153442,1.8300000429153442,1.9500000476837158,1.8300000429153442,1.9299999475479126,700.0
2018-07-06 00:00:00,1.9900000095367432,1.9900000095367432,1.9900000095367432,1.9900000095367432,1.9900000095367432,200.0
2018-07-09 00:00:00,1.899999976158142,1.899999976158142,2.640000104904175,1.8300000429153442,1.909999966621399,341500.0
2018-07-10 00:00:00,1.840000033378601,1.840000033378601,1.9199999570846558,1.8300000429153442,1.899999976158142,12800.0
2018-07-11 00:00:00,1.9800000190734863,1.9800000190734863,1.9800000190734863,1.8300000429153442,1.8899999856948853,7700.0
2018-07-12 00:00:00,1.840000033378601,1.840000033378601,1.9800000190734863,1.840000033378601,1.9500000476837158,8200.0
2018-07-13 00:00:00,1.840000033378601,1.840000033378601,1.8799999952316284,1.8200000524520874,1.8200000524520874,9500.0
2018-07-16 00:00:00,1.809999942779541,1.809999942779541,1.899999976158142,1.809999942779541,1.899999976158142,9700.0
2018-07-17 00:00:00,1.8700000047683716,1.8700000047683716,1.8700000047683716,1.7999999523162842,1.7999999523162842,9100.0
2018-07-18 00:00:00,1.809999942779541,1.809999942779541,1.899999976158142,1.7999999523162842,1.850000023841858,12600.0
2018-07-19 00:00:00,1.8200000524520874,1.8200000524520874,1.899999976158142,1.7799999713897705,1.7799999713897705,13800.0
2018-07-20 00:00:00,1.8300000429153442,1.8300000429153442,1.8300000429153442,1.7899999618530273,1.7999999523162842,900.0
2018-07-23 00:00:00,1.7799999713897705,1.7799999713897705,1.8600000143051147,1.7799999713897705,1.809999942779541,17100.0
2018-07-24 00:00:00,1.75,1.75,1.9600000381469727,1.7400000095367432,1.8300000429153442,92900.0
2018-07-25 00:00:00,1.7999999523162842,1.7999999523162842,1.840000033378601,1.7999999523162842,1.809999942779541,13500.0
2018-07-26 00:00:00,1.7999999523162842,1.7999999523162842,1.7999999523162842,1.7999999523162842,1.7999999523162842,0.0
2018-07-27 00:00:00,1.8300000429153442,1.8300000429153442,1.840000033378601,1.75,1.8200000524520874,900.0
2018-07-30 00:00:00,1.7000000476837158,1.7000000476837158,1.7899999618530273,1.559999942779541,1.7899999618530273,38600.0
2018-07-31 00:00:00,1.75,1.75,1.75,1.6699999570846558,1.6699999570846558,3700.0
2018-08-01 00:00:00,1.7699999809265137,1.7699999809265137,1.7699999809265137,1.7200000286102295,1.7200000286102295,7100.0
2018-08-02 00:00:00,1.8200000524520874,1.8200000524520874,1.8600000143051147,1.6799999475479126,1.6799999475479126,18200.0
2018-08-03 00:00:00,1.7300000190734863,1.7300000190734863,1.7999999523162842,1.7300000190734863,1.7999999523162842,2100.0
2018-08-06 00:00:00,1.7000000476837158,1.7000000476837158,1.7100000381469727,1.7000000476837158,1.7100000381469727,5200.0
2018-08-07 00:00:00,1.7599999904632568,1.7599999904632568,1.8300000429153442,1.7100000381469727,1.7100000381469727,3600.0
2018-08-08 00:00:00,1.8200000524520874,1.8200000524520874,1.8200000524520874,1.7599999904632568,1.7599999904632568,1700.0
2018-08-09 00:00:00,1.7699999809265137,1.7699999809265137,1.9800000190734863,1.7599999904632568,1.9800000190734863,1800.0
2018-08-10 00:00:00,1.7699999809265137,1.7699999809265137,1.7699999809265137,1.7699999809265137,1.7699999809265137,0.0
2018-08-13 00:00:00,1.7899999618530273,1.7899999618530273,1.7899999618530273,1.7000000476837158,1.7000000476837158,1200.0
2018-08-14 00:00:00,1.7899999618530273,1.7899999618530273,1.7899999618530273,1.7899999618530273,1.7899999618530273,0.0
2018-08-15 00:00:00,1.7000000476837158,1.7000000476837158,1.7000000476837158,1.7000000476837158,1.7000000476837158,100.0
2018-08-16 00:00:00,1.7000000476837158,1.7000000476837158,1.7000000476837158,1.7000000476837158,1.7000000476837158,0.0
2018-08-17 00:00:00,1.7000000476837158,1.7000000476837158,1.7000000476837158,1.7000000476837158,1.7000000476837158,0.0
2018-08-20 00:00:00,1.7000000476837158,1.7000000476837158,1.7000000476837158,1.7000000476837158,1.7000000476837158,0.0
2018-08-21 00:00:00,1.8300000429153442,1.8300000429153442,1.8899999856948853,1.8300000429153442,1.8899999856948853,700.0
2018-08-22 00:00:00,1.809999942779541,1.809999942779541,1.809999942779541,1.7200000286102295,1.7200000286102295,600.0
2018-08-23 00:00:00,1.809999942779541,1.809999942779541,1.809999942779541,1.809999942779541,1.809999942779541,0.0
2018-08-24 00:00:00,1.7699999809265137,1.7699999809265137,1.809999942779541,1.7200000286102295,1.7200000286102295,700.0
2018-08-27 00:00:00,1.7699999809265137,1.7699999809265137,1.7699999809265137,1.7699999809265137,1.7699999809265137,0.0
2018-08-28 00:00:00,1.8200000524520874,1.8200000524520874,1.8300000429153442,1.8200000524520874,1.8300000429153442,1200.0
2018-08-29 00:00:00,1.8200000524520874,1.8200000524520874,1.8200000524520874,1.8200000524520874,1.8200000524520874,0.0
2018-08-30 00:00:00,1.850000023841858,1.850000023841858,1.850000023841858,1.7999999523162842,1.8300000429153442,1600.0
2018-08-31 00:00:00,1.840000033378601,1.840000033378601,1.840000033378601,1.840000033378601,1.840000033378601,200.0
2018-09-04 00:00:00,1.7599999904632568,1.7599999904632568,1.840000033378601,1.7599999904632568,1.840000033378601,4200.0
2018-09-05 00:00:00,1.7599999904632568,1.7599999904632568,1.7599999904632568,1.7599999904632568,1.7599999904632568,0.0
2018-09-06 00:00:00,1.850000023841858,1.850000023841858,1.850000023841858,1.7300000190734863,1.7899999618530273,700.0
2018-09-07 00:00:00,1.850000023841858,1.850000023841858,1.850000023841858,1.850000023841858,1.850000023841858,0.0
2018-09-10 00:00:00,1.7300000190734863,1.7300000190734863,1.7300000190734863,1.7300000190734863,1.7300000190734863,200.0
2018-09-11 00:00:00,1.7300000190734863,1.7300000190734863,1.7300000190734863,1.7300000190734863,1.7300000190734863,0.0
2018-09-12 00:00:00,1.7300000190734863,1.7300000190734863,1.7300000190734863,1.7300000190734863,1.7300000190734863,0.0
2018-09-13 00:00:00,1.7300000190734863,1.7300000190734863,1.7300000190734863,1.7300000190734863,1.7300000190734863,0.0
2018-09-14 00:00:00,1.7300000190734863,1.7300000190734863,1.7300000190734863,1.7300000190734863,1.7300000190734863,0.0
2018-09-17 00:00:00,1.75,1.75,1.9800000190734863,1.75,1.850000023841858,25300.0
2018-09-18 00:00:00,1.840000033378601,1.840000033378601,1.9199999570846558,1.840000033378601,1.9199999570846558,1400.0
2018-09-19 00:00:00,1.7599999904632568,1.7599999904632568,1.7599999904632568,1.7400000095367432,1.7400000095367432,1500.0
2018-09-20 00:00:00,1.7799999713897705,1.7799999713897705,1.7799999713897705,1.7799999713897705,1.7799999713897705,300.0
2018-09-21 00:00:00,1.7799999713897705,1.7799999713897705,1.7799999713897705,1.7799999713897705,1.7799999713897705,0.0
2018-09-24 00:00:00,1.7899999618530273,1.7899999618530273,1.7899999618530273,1.7799999713897705,1.7799999713897705,3000.0
2018-09-25 00:00:00,1.8899999856948853,1.8899999856948853,1.8899999856948853,1.8300000429153442,1.8300000429153442,2800.0
2018-09-26 00:00:00,2.1500000953674316,2.1500000953674316,2.1700000762939453,1.8700000047683716,1.8700000047683716,9400.0
2018-09-27 00:00:00,2.0299999713897705,2.0299999713897705,2.190000057220459,2.0,2.190000057220459,46800.0
2018-09-28 00:00:00,2.2100000381469727,2.2100000381469727,2.2100000381469727,2.0199999809265137,2.0399999618530273,10400.0
2018-10-01 00:00:00,2.25,2.25,2.25,2.069999933242798,2.200000047683716,7900.0
2018-10-02 00:00:00,2.1500000953674316,2.1500000953674316,2.1700000762939453,2.1500000953674316,2.1700000762939453,700.0
2018-10-03 00:00:00,2.0999999046325684,2.0999999046325684,2.1700000762939453,2.0399999618530273,2.1700000762939453,12900.0
2018-10-04 00:00:00,2.2799999713897705,2.2799999713897705,2.2799999713897705,2.0299999713897705,2.049999952316284,8900.0
2018-10-05 00:00:00,2.180000066757202,2.180000066757202,2.2799999713897705,2.180000066757202,2.2799999713897705,2600.0
2018-10-08 00:00:00,2.180000066757202,2.180000066757202,2.180000066757202,2.180000066757202,2.180000066757202,0.0
2018-10-09 00:00:00,2.299999952316284,2.299999952316284,2.299999952316284,2.049999952316284,2.049999952316284,11400.0
2018-10-10 00:00:00,2.369999885559082,2.369999885559082,2.390000104904175,2.2899999618530273,2.2899999618530273,18000.0
2018-10-11 00:00:00,2.390000104904175,2.390000104904175,2.4000000953674316,2.2300000190734863,2.2899999618530273,15400.0
2018-10-12 00:00:00,2.4000000953674316,2.4000000953674316,2.4000000953674316,2.359999895095825,2.4000000953674316,6800.0
2018-10-15 00:00:00,2.9600000381469727,2.9600000381469727,3.0999999046325684,2.700000047683716,2.9600000381469727,133700.0
2018-10-16 00:00:00,2.8399999141693115,2.8399999141693115,2.9000000953674316,2.7100000381469727,2.880000114440918,33600.0
2018-10-17 00:00:00,2.509999990463257,2.509999990463257,2.700000047683716,2.509999990463257,2.700000047683716,16000.0
2018-10-18 00:00:00,2.509999990463257,2.509999990463257,2.7200000286102295,2.509999990463257,2.5899999141693115,6300.0
2018-10-19 00:00:00,2.569999933242798,2.569999933242798,2.569999933242798,2.4000000953674316,2.4100000858306885,1700.0
2018-10-22 00:00:00,2.5299999713897705,2.5299999713897705,2.5999999046325684,2.2699999809265137,2.5299999713897705,12700.0
2018-10-23 00:00:00,2.490000009536743,2.490000009536743,2.5399999618530273,2.309999942779541,2.5399999618530273,6100.0
2018-10-24 00:00:00,2.3499999046325684,2.3499999046325684,2.390000104904175,2.309999942779541,2.309999942779541,1700.0
2018-10-25 00:00:00,2.180000066757202,2.180000066757202,2.299999952316284,2.180000066757202,2.299999952316284,3600.0
2018-10-26 00:00:00,2.3399999141693115,2.3399999141693115,2.3399999141693115,2.140000104904175,2.140000104904175,9000.0
2018-10-29 00:00:00,2.2100000381469727,2.2100000381469727,2.390000104904175,2.2100000381469727,2.2699999809265137,5800.0
2018-10-30 00:00:00,2.3299999237060547,2.3299999237060547,2.3299999237060547,2.3299999237060547,2.3299999237060547,100.0
2018-10-31 00:00:00,2.5199999809265137,2.5199999809265137,2.6600000858306885,2.369999885559082,2.369999885559082,14900.0
2018-11-01 00:00:00,2.259999990463257,2.259999990463257,2.7200000286102295,2.259999990463257,2.6600000858306885,14700.0
2018-11-02 00:00:00,2.440000057220459,2.440000057220459,2.440000057220459,2.319999933242798,2.319999933242798,3700.0
2018-11-05 00:00:00,2.5999999046325684,2.5999999046325684,2.680000066757202,2.5,2.5,14200.0
2018-11-06 00:00:00,2.380000114440918,2.380000114440918,2.619999885559082,2.380000114440918,2.619999885559082,7200.0
2018-11-07 00:00:00,2.380000114440918,2.380000114440918,2.380000114440918,2.380000114440918,2.380000114440918,1100.0
2018-11-08 00:00:00,2.75,2.75,3.8499999046325684,2.4200000762939453,2.490000009536743,430400.0
2018-11-09 00:00:00,2.700000047683716,2.700000047683716,3.190000057220459,2.559999942779541,3.190000057220459,29600.0
2018-11-12 00:00:00,2.9800000190734863,2.9800000190734863,2.990000009536743,2.740000009536743,2.990000009536743,33000.0
2018-11-13 00:00:00,2.9200000762939453,2.9200000762939453,3.0399999618530273,2.7799999713897705,3.0399999618530273,10600.0
2018-11-14 00:00:00,2.6700000762939453,2.6700000762939453,2.990000009536743,2.6700000762939453,2.990000009536743,44200.0
2018-11-15 00:00:00,2.7100000381469727,2.7100000381469727,2.9000000953674316,2.7100000381469727,2.7799999713897705,15300.0
2018-11-16 00:00:00,2.5999999046325684,2.5999999046325684,2.930000066757202,2.5999999046325684,2.700000047683716,1000.0
2018-11-19 00:00:00,2.5999999046325684,2.5999999046325684,2.809999942779541,2.5999999046325684,2.799999952316284,21800.0
2018-11-20 00:00:00,2.7899999618530273,2.7899999618530273,2.7899999618530273,2.5799999237060547,2.619999885559082,5200.0
2018-11-21 00:00:00,2.799999952316284,2.799999952316284,2.869999885559082,2.799999952316284,2.869999885559082,1500.0
2018-11-23 00:00:00,2.7100000381469727,2.7100000381469727,2.7100000381469727,2.7100000381469727,2.7100000381469727,500.0
2018-11-26 00:00:00,2.4000000953674316,2.4000000953674316,2.619999885559082,2.4000000953674316,2.619999885559082,27200.0
2018-11-27 00:00:00,2.259999990463257,2.259999990463257,2.440000057220459,2.259999990463257,2.440000057220459,3400.0
2018-11-28 00:00:00,2.450000047683716,2.450000047683716,2.450000047683716,2.4000000953674316,2.4000000953674316,1600.0
2018-11-29 00:00:00,2.450000047683716,2.450000047683716,2.450000047683716,2.319999933242798,2.430000066757202,2000.0
2018-11-30 00:00:00,2.440000057220459,2.440000057220459,2.440000057220459,2.440000057220459,2.440000057220459,100.0
2018-12-03 00:00:00,2.390000104904175,2.390000104904175,2.440000057220459,2.25,2.369999885559082,19300.0
2018-12-04 00:00:00,2.2899999618530273,2.2899999618530273,2.309999942779541,2.2899999618530273,2.299999952316284,8200.0
2018-12-06 00:00:00,2.190000057220459,2.190000057220459,2.299999952316284,2.180000066757202,2.180000066757202,2000.0
2018-12-07 00:00:00,2.240000009536743,2.240000009536743,2.240000009536743,2.200000047683716,2.200000047683716,1700.0
2018-12-10 00:00:00,2.200000047683716,2.200000047683716,2.2100000381469727,2.200000047683716,2.2100000381469727,900.0
2018-12-11 00:00:00,2.180000066757202,2.180000066757202,2.2100000381469727,2.180000066757202,2.200000047683716,2700.0
2018-12-12 00:00:00,2.200000047683716,2.200000047683716,2.2300000190734863,2.180000066757202,2.180000066757202,4300.0
2018-12-13 00:00:00,2.6600000858306885,2.6600000858306885,2.6600000858306885,2.240000009536743,2.240000009536743,3900.0
2018-12-14 00:00:00,2.450000047683716,2.450000047683716,2.5899999141693115,2.450000047683716,2.5899999141693115,3300.0
2018-12-17 00:00:00,2.0,2.0,2.4000000953674316,1.7799999713897705,2.380000114440918,86000.0
2018-12-18 00:00:00,2.059999942779541,2.059999942779541,2.1700000762939453,2.009999990463257,2.0999999046325684,11300.0
2018-12-19 00:00:00,1.8600000143051147,1.8600000143051147,2.069999933242798,1.8200000524520874,2.069999933242798,23100.0
2018-12-20 00:00:00,1.6699999570846558,1.6699999570846558,1.8899999856948853,1.659999966621399,1.8899999856948853,28900.0
2018-12-21 00:00:00,1.559999942779541,1.559999942779541,1.659999966621399,1.559999942779541,1.659999966621399,8900.0
2018-12-24 00:00:00,1.4299999475479126,1.4299999475479126,1.590000033378601,1.4299999475479126,1.5499999523162842,6900.0
2018-12-26 00:00:00,1.850000023841858,1.850000023841858,1.850000023841858,1.649999976158142,1.6799999475479126,22600.0
2018-12-27 00:00:00,1.809999942779541,1.809999942779541,1.8300000429153442,1.7599999904632568,1.8300000429153442,5700.0
2018-12-28 00:00:00,1.8200000524520874,1.8200000524520874,1.840000033378601,1.7200000286102295,1.75,14600.0
2018-12-31 00:00:00,1.7300000190734863,1.7300000190734863,1.7999999523162842,1.7300000190734863,1.7999999523162842,800.0
2019-01-02 00:00:00,1.7599999904632568,1.7599999904632568,1.7599999904632568,1.7599999904632568,1.7599999904632568,200.0
2019-01-03 00:00:00,1.7400000095367432,1.7400000095367432,1.8799999952316284,1.7400000095367432,1.850000023841858,2100.0
2019-01-04 00:00:00,1.899999976158142,1.899999976158142,1.9199999570846558,1.75,1.75,22500.0
2019-01-07 00:00:00,1.7200000286102295,1.7200000286102295,1.7999999523162842,1.7200000286102295,1.7999999523162842,1400.0
2019-01-08 00:00:00,2.119999885559082,2.119999885559082,2.119999885559082,1.8799999952316284,1.8799999952316284,1100.0
2019-01-09 00:00:00,1.9500000476837158,1.9500000476837158,1.9500000476837158,1.9500000476837158,1.9500000476837158,1200.0
2019-01-10 00:00:00,1.8899999856948853,1.8899999856948853,1.8899999856948853,1.8899999856948853,1.8899999856948853,200.0
2019-01-11 00:00:00,1.9500000476837158,1.9500000476837158,1.9500000476837158,1.8799999952316284,1.8799999952316284,2200.0
2019-01-14 00:00:00,1.8899999856948853,1.8899999856948853,1.899999976158142,1.7599999904632568,1.8700000047683716,1900.0
2019-01-15 00:00:00,1.8899999856948853,1.8899999856948853,1.8899999856948853,1.8899999856948853,1.8899999856948853,0.0
2019-01-16 00:00:00,1.850000023841858,1.850000023841858,1.850000023841858,1.840000033378601,1.840000033378601,300.0
2019-01-17 00:00:00,1.8600000143051147,1.8600000143051147,1.8600000143051147,1.850000023841858,1.850000023841858,400.0
2019-01-18 00:00:00,1.909999966621399,1.909999966621399,2.069999933242798,1.8799999952316284,2.069999933242798,2500.0
2019-01-22 00:00:00,2.180000066757202,2.180000066757202,2.4100000858306885,2.0999999046325684,2.319999933242798,32200.0
2019-01-23 00:00:00,2.5,2.5,2.569999933242798,2.359999895095825,2.359999895095825,36900.0
2019-01-24 00:00:00,2.390000104904175,2.390000104904175,2.6600000858306885,2.359999895095825,2.6600000858306885,8300.0
2019-01-25 00:00:00,2.5899999141693115,2.5899999141693115,2.6600000858306885,2.4600000381469727,2.6600000858306885,10600.0
2019-01-28 00:00:00,2.4100000858306885,2.4100000858306885,2.5899999141693115,2.4100000858306885,2.509999990463257,5800.0
2019-01-29 00:00:00,2.359999895095825,2.359999895095825,2.5799999237060547,2.2799999713897705,2.2799999713897705,5100.0
2019-01-30 00:00:00,2.4100000858306885,2.4100000858306885,2.490000009536743,2.4100000858306885,2.490000009536743,800.0
2019-01-31 00:00:00,2.450000047683716,2.450000047683716,2.450000047683716,2.4100000858306885,2.4100000858306885,800.0
2019-02-01 00:00:00,2.380000114440918,2.380000114440918,2.5,2.2100000381469727,2.450000047683716,3300.0
2019-02-04 00:00:00,2.200000047683716,2.200000047683716,2.2899999618530273,1.9199999570846558,2.2200000286102295,5100.0
2019-02-05 00:00:00,2.1500000953674316,2.1500000953674316,2.2799999713897705,2.0299999713897705,2.109999895095825,3300.0
2019-02-06 00:00:00,2.3399999141693115,2.3399999141693115,2.4200000762939453,2.059999942779541,2.059999942779541,6300.0
2019-02-07 00:00:00,2.4700000286102295,2.4700000286102295,2.4800000190734863,2.390000104904175,2.390000104904175,12100.0
2019-02-08 00:00:00,2.4800000190734863,2.4800000190734863,2.5999999046325684,2.450000047683716,2.4700000286102295,13800.0
2019-02-11 00:00:00,2.5899999141693115,2.5899999141693115,2.75,2.559999942779541,2.75,22200.0
2019-02-12 00:00:00,2.559999942779541,2.559999942779541,2.559999942779541,2.559999942779541,2.559999942779541,300.0
2019-02-13 00:00:00,2.490000009536743,2.490000009536743,2.619999885559082,2.1600000858306885,2.450000047683716,2300.0
2019-02-14 00:00:00,2.25,2.25,2.6700000762939453,2.1500000953674316,2.5199999809265137,5300.0
2019-02-15 00:00:00,2.609999895095825,2.609999895095825,2.6700000762939453,2.359999895095825,2.359999895095825,2900.0
2019-02-19 00:00:00,2.380000114440918,2.380000114440918,2.680000066757202,2.359999895095825,2.680000066757202,5900.0
2019-02-20 00:00:00,2.369999885559082,2.369999885559082,2.369999885559082,2.369999885559082,2.369999885559082,500.0
2019-02-21 00:00:00,2.3499999046325684,2.3499999046325684,2.3499999046325684,2.3499999046325684,2.3499999046325684,600.0
2019-02-22 00:00:00,2.490000009536743,2.490000009536743,2.490000009536743,2.3499999046325684,2.359999895095825,1300.0
2019-02-25 00:00:00,2.490000009536743,2.490000009536743,2.490000009536743,2.490000009536743,2.490000009536743,100.0
2019-02-26 00:00:00,2.3399999141693115,2.3399999141693115,2.3499999046325684,2.3399999141693115,2.3499999046325684,1400.0
2019-02-27 00:00:00,2.3499999046325684,2.3499999046325684,2.3499999046325684,2.3499999046325684,2.3499999046325684,100.0
2019-02-28 00:00:00,2.299999952316284,2.299999952316284,2.299999952316284,2.299999952316284,2.299999952316284,1300.0
2019-03-01 00:00:00,2.299999952316284,2.299999952316284,2.299999952316284,2.299999952316284,2.299999952316284,100.0
2019-03-04 00:00:00,2.25,2.25,2.430000066757202,2.240000009536743,2.240000009536743,2100.0
2019-03-05 00:00:00,2.380000114440918,2.380000114440918,2.490000009536743,2.380000114440918,2.490000009536743,4500.0
2019-03-06 00:00:00,2.359999895095825,2.359999895095825,2.359999895095825,2.359999895095825,2.359999895095825,3000.0
2019-03-07 00:00:00,2.2799999713897705,2.2799999713897705,2.2799999713897705,2.2300000190734863,2.2300000190734863,1200.0
2019-03-08 00:00:00,2.25,2.25,2.2799999713897705,2.25,2.2799999713897705,2000.0
2019-03-11 00:00:00,2.440000057220459,2.440000057220459,2.4700000286102295,2.440000057220459,2.4700000286102295,400.0
2019-03-12 00:00:00,2.440000057220459,2.440000057220459,2.440000057220459,2.440000057220459,2.440000057220459,0.0
2019-03-13 00:00:00,2.4100000858306885,2.4100000858306885,2.4200000762939453,2.4100000858306885,2.4200000762939453,1500.0
2019-03-14 00:00:00,2.4100000858306885,2.4100000858306885,2.4100000858306885,2.4100000858306885,2.4100000858306885,0.0
2019-03-15 00:00:00,2.450000047683716,2.450000047683716,2.450000047683716,2.450000047683716,2.450000047683716,1000.0
2019-03-18 00:00:00,2.309999942779541,2.309999942779541,2.4000000953674316,2.2200000286102295,2.4000000953674316,3900.0
2019-03-19 00:00:00,2.1600000858306885,2.1600000858306885,2.1600000858306885,2.1600000858306885,2.1600000858306885,900.0
2019-03-20 00:00:00,2.2200000286102295,2.2200000286102295,2.4200000762939453,2.2200000286102295,2.3499999046325684,400.0
2019-03-21 00:00:00,2.309999942779541,2.309999942779541,2.3399999141693115,2.2200000286102295,2.25,10100.0
2019-03-22 00:00:00,2.25,2.25,2.25,2.25,2.25,200.0
2019-03-25 00:00:00,2.299999952316284,2.299999952316284,2.299999952316284,2.200000047683716,2.2100000381469727,1100.0
2019-03-26 00:00:00,2.299999952316284,2.299999952316284,2.299999952316284,2.299999952316284,2.299999952316284,0.0
2019-03-27 00:00:00,2.299999952316284,2.299999952316284,2.299999952316284,2.299999952316284,2.299999952316284,0.0
2019-03-28 00:00:00,2.299999952316284,2.299999952316284,2.299999952316284,2.299999952316284,2.299999952316284,400.0
2019-03-29 00:00:00,2.359999895095825,2.359999895095825,2.359999895095825,2.359999895095825,2.359999895095825,200.0
2019-04-01 00:00:00,2.3299999237060547,2.3299999237060547,2.3299999237060547,2.3299999237060547,2.3299999237060547,200.0
2019-04-02 00:00:00,2.2799999713897705,2.2799999713897705,2.2799999713897705,2.1700000762939453,2.1700000762939453,1200.0
2019-04-03 00:00:00,2.200000047683716,2.200000047683716,2.200000047683716,2.200000047683716,2.200000047683716,2000.0
2019-04-04 00:00:00,2.2799999713897705,2.2799999713897705,2.2799999713897705,2.1500000953674316,2.1500000953674316,800.0
2019-04-05 00:00:00,2.2799999713897705,2.2799999713897705,2.2799999713897705,2.2799999713897705,2.2799999713897705,0.0
2019-04-08 00:00:00,2.3399999141693115,2.3399999141693115,2.3399999141693115,2.319999933242798,2.319999933242798,600.0
2019-04-09 00:00:00,2.3399999141693115,2.3399999141693115,2.3399999141693115,2.3399999141693115,2.3399999141693115,0.0
2019-04-10 00:00:00,2.3399999141693115,2.3399999141693115,2.3399999141693115,2.3399999141693115,2.3399999141693115,0.0
2019-04-11 00:00:00,2.1500000953674316,2.1500000953674316,2.1500000953674316,2.1500000953674316,2.1500000953674316,1000.0
2019-04-12 00:00:00,2.1500000953674316,2.1500000953674316,2.1500000953674316,2.1500000953674316,2.1500000953674316,500.0
2019-04-15 00:00:00,2.3399999141693115,2.3399999141693115,2.3399999141693115,2.1700000762939453,2.3399999141693115,7200.0
2019-04-16 00:00:00,2.5,2.5,2.5,2.5,2.5,300.0
2019-04-17 00:00:00,2.299999952316284,2.299999952316284,2.4000000953674316,2.299999952316284,2.4000000953674316,8000.0
2019-04-18 00:00:00,2.440000057220459,2.440000057220459,2.440000057220459,2.440000057220459,2.440000057220459,4500.0
2019-04-22 00:00:00,2.440000057220459,2.440000057220459,2.680000066757202,2.440000057220459,2.440000057220459,3400.0
2019-04-23 00:00:00,2.259999990463257,2.259999990463257,2.369999885559082,2.180000066757202,2.369999885559082,2200.0
2019-04-24 00:00:00,2.319999933242798,2.319999933242798,2.4600000381469727,2.319999933242798,2.440000057220459,13600.0
2019-04-25 00:00:00,2.319999933242798,2.319999933242798,2.319999933242798,2.319999933242798,2.319999933242798,0.0
2019-04-26 00:00:00,2.319999933242798,2.319999933242798,2.319999933242798,2.319999933242798,2.319999933242798,100.0
2019-04-29 00:00:00,2.319999933242798,2.319999933242798,2.319999933242798,2.319999933242798,2.319999933242798,0.0
2019-04-30 00:00:00,2.319999933242798,2.319999933242798,2.319999933242798,2.319999933242798,2.319999933242798,100.0
2019-05-01 00:00:00,2.25,2.25,2.25,2.25,2.25,5200.0
2019-05-02 00:00:00,2.25,2.25,2.25,2.25,2.25,100.0
2019-05-03 00:00:00,2.25,2.25,2.25,2.25,2.25,0.0
2019-05-06 00:00:00,2.319999933242798,2.319999933242798,2.3499999046325684,2.25,2.25,1500.0
2019-05-07 00:00:00,2.309999942779541,2.309999942779541,2.309999942779541,2.309999942779541,2.309999942779541,300.0
2019-05-08 00:00:00,2.380000114440918,2.380000114440918,2.380000114440918,2.3499999046325684,2.3499999046325684,4000.0
2019-05-09 00:00:00,2.380000114440918,2.380000114440918,2.380000114440918,2.380000114440918,2.380000114440918,0.0
2019-05-10 00:00:00,2.380000114440918,2.380000114440918,2.380000114440918,2.380000114440918,2.380000114440918,100.0
2019-05-13 00:00:00,2.380000114440918,2.380000114440918,2.4800000190734863,2.380000114440918,2.4800000190734863,400.0
2019-05-14 00:00:00,2.380000114440918,2.380000114440918,2.380000114440918,2.380000114440918,2.380000114440918,100.0
2019-05-15 00:00:00,2.380000114440918,2.380000114440918,2.380000114440918,2.380000114440918,2.380000114440918,100.0
2019-05-16 00:00:00,2.380000114440918,2.380000114440918,2.380000114440918,2.380000114440918,2.380000114440918,0.0
2019-05-17 00:00:00,2.380000114440918,2.380000114440918,2.380000114440918,2.380000114440918,2.380000114440918,0.0
2019-05-20 00:00:00,2.380000114440918,2.380000114440918,2.380000114440918,2.380000114440918,2.380000114440918,0.0
2019-05-21 00:00:00,2.380000114440918,2.380000114440918,2.380000114440918,2.380000114440918,2.380000114440918,100.0
2019-05-22 00:00:00,2.380000114440918,2.380000114440918,2.380000114440918,2.380000114440918,2.380000114440918,0.0
2019-05-23 00:00:00,2.1500000953674316,2.1500000953674316,2.1500000953674316,2.1500000953674316,2.1500000953674316,1100.0
2019-05-24 00:00:00,2.1600000858306885,2.1600000858306885,2.200000047683716,2.1600000858306885,2.200000047683716,700.0
2019-05-28 00:00:00,2.1500000953674316,2.1500000953674316,2.1500000953674316,2.1500000953674316,2.1500000953674316,300.0
2019-05-29 00:00:00,1.9900000095367432,1.9900000095367432,2.0,1.899999976158142,2.0,4600.0
2019-05-30 00:00:00,2.059999942779541,2.059999942779541,2.109999895095825,1.909999966621399,1.9900000095367432,15300.0
2019-05-31 00:00:00,2.0,2.0,2.1500000953674316,1.909999966621399,2.0,11400.0
2019-06-03 00:00:00,2.049999952316284,2.049999952316284,2.0999999046325684,2.049999952316284,2.0999999046325684,1600.0
2019-06-04 00:00:00,2.049999952316284,2.049999952316284,2.049999952316284,2.049999952316284,2.049999952316284,0.0
2019-06-05 00:00:00,2.3299999237060547,2.3299999237060547,2.3299999237060547,2.0999999046325684,2.140000104904175,1200.0
2019-06-06 00:00:00,2.0999999046325684,2.0999999046325684,2.190000057220459,2.0999999046325684,2.190000057220459,2200.0
2019-06-07 00:00:00,2.0999999046325684,2.0999999046325684,2.0999999046325684,2.0999999046325684,2.0999999046325684,100.0
2019-06-10 00:00:00,2.0999999046325684,2.0999999046325684,2.0999999046325684,2.0999999046325684,2.0999999046325684,0.0
2019-06-11 00:00:00,2.0999999046325684,2.0999999046325684,2.0999999046325684,2.0999999046325684,2.0999999046325684,0.0
2019-06-12 00:00:00,2.0999999046325684,2.0999999046325684,2.240000009536743,1.9500000476837158,1.9600000381469727,4100.0
2019-06-13 00:00:00,2.0899999141693115,2.0899999141693115,2.0899999141693115,2.0,2.0,700.0
2019-06-14 00:00:00,2.0899999141693115,2.0899999141693115,2.0899999141693115,2.0899999141693115,2.0899999141693115,0.0
2019-06-17 00:00:00,2.049999952316284,2.049999952316284,2.049999952316284,2.049999952316284,2.049999952316284,200.0
2019-06-18 00:00:00,2.049999952316284,2.049999952316284,2.049999952316284,2.049999952316284,2.049999952316284,0.0
2019-06-19 00:00:00,2.049999952316284,2.049999952316284,2.049999952316284,2.049999952316284,2.049999952316284,100.0
2019-06-20 00:00:00,1.9900000095367432,1.9900000095367432,1.9900000095367432,1.9600000381469727,1.9600000381469727,1200.0
2019-06-21 00:00:00,2.0,2.0,2.0,2.0,2.0,300.0
2019-06-24 00:00:00,2.0799999237060547,2.0799999237060547,2.0799999237060547,2.0799999237060547,2.0799999237060547,100.0
2019-06-25 00:00:00,2.0799999237060547,2.0799999237060547,2.0799999237060547,2.0799999237060547,2.0799999237060547,100.0
2019-06-26 00:00:00,1.9500000476837158,1.9500000476837158,1.9500000476837158,1.9500000476837158,1.9500000476837158,100.0
2019-06-27 00:00:00,2.0399999618530273,2.0399999618530273,2.0399999618530273,2.0399999618530273,2.0399999618530273,200.0
2019-06-28 00:00:00,2.0,2.0,2.009999990463257,2.0,2.009999990463257,700.0
2019-07-01 00:00:00,2.0,2.0,2.0,2.0,2.0,0.0
2019-07-02 00:00:00,2.0,2.0,2.0,2.0,2.0,0.0
2019-07-03 00:00:00,1.8700000047683716,1.8700000047683716,1.8700000047683716,1.8700000047683716,1.8700000047683716,400.0
2019-07-05 00:00:00,1.8899999856948853,1.8899999856948853,1.8899999856948853,1.8899999856948853,1.8899999856948853,200.0
2019-07-08 00:00:00,2.0999999046325684,2.0999999046325684,2.119999885559082,2.0999999046325684,2.119999885559082,3500.0
2019-07-09 00:00:00,2.0999999046325684,2.0999999046325684,2.0999999046325684,2.0999999046325684,2.0999999046325684,200.0
2019-07-10 00:00:00,2.069999933242798,2.069999933242798,2.069999933242798,1.7799999713897705,1.7799999713897705,14100.0
2019-07-11 00:00:00,1.9800000190734863,1.9800000190734863,1.9800000190734863,1.9800000190734863,1.9800000190734863,100.0
2019-07-12 00:00:00,1.9800000190734863,1.9800000190734863,1.9800000190734863,1.9800000190734863,1.9800000190734863,0.0
2019-07-15 00:00:00,1.9800000190734863,1.9800000190734863,1.9800000190734863,1.9800000190734863,1.9800000190734863,0.0
2019-07-16 00:00:00,1.9800000190734863,1.9800000190734863,1.9800000190734863,1.9800000190734863,1.9800000190734863,0.0
2019-07-17 00:00:00,2.059999942779541,2.059999942779541,2.059999942779541,1.9600000381469727,2.059999942779541,1800.0
2019-07-18 00:00:00,2.059999942779541,2.059999942779541,2.059999942779541,2.059999942779541,2.059999942779541,0.0
2019-07-19 00:00:00,1.9500000476837158,1.9500000476837158,1.9500000476837158,1.9500000476837158,1.9500000476837158,100.0
2019-07-22 00:00:00,1.9500000476837158,1.9500000476837158,1.9500000476837158,1.9500000476837158,1.9500000476837158,100.0
2019-07-23 00:00:00,1.9500000476837158,1.9500000476837158,1.9500000476837158,1.9500000476837158,1.9500000476837158,0.0
2019-07-24 00:00:00,1.9500000476837158,1.9500000476837158,2.1600000858306885,1.9500000476837158,2.0,8500.0
2019-07-25 00:00:00,1.9500000476837158,1.9500000476837158,1.9500000476837158,1.9500000476837158,1.9500000476837158,0.0
2019-07-26 00:00:00,1.9500000476837158,1.9500000476837158,1.9500000476837158,1.9500000476837158,1.9500000476837158,200.0
2019-07-29 00:00:00,1.9500000476837158,1.9500000476837158,1.9500000476837158,1.9500000476837158,1.9500000476837158,200.0
2019-07-30 00:00:00,1.9500000476837158,1.9500000476837158,1.9500000476837158,1.9500000476837158,1.9500000476837158,100.0
2019-07-31 00:00:00,1.9500000476837158,1.9500000476837158,1.9500000476837158,1.9500000476837158,1.9500000476837158,100.0
2019-08-01 00:00:00,1.9500000476837158,1.9500000476837158,1.9500000476837158,1.9500000476837158,1.9500000476837158,100.0
2019-08-02 00:00:00,1.8300000429153442,1.8300000429153442,1.8700000047683716,1.8300000429153442,1.8700000047683716,600.0
2019-08-05 00:00:00,1.8300000429153442,1.8300000429153442,1.8700000047683716,1.8300000429153442,1.8700000047683716,600.0
2019-08-06 00:00:00,1.8300000429153442,1.8300000429153442,1.8300000429153442,1.8300000429153442,1.8300000429153442,400.0
2019-08-07 00:00:00,1.8300000429153442,1.8300000429153442,1.8300000429153442,1.8300000429153442,1.8300000429153442,100.0
2019-08-08 00:00:00,1.8300000429153442,1.8300000429153442,1.8700000047683716,1.8300000429153442,1.8300000429153442,100.0
2019-08-09 00:00:00,1.8300000429153442,1.8300000429153442,1.8700000047683716,1.8300000429153442,1.8300000429153442,100.0
2019-08-12 00:00:00,1.8300000429153442,1.8300000429153442,1.8700000047683716,1.8300000429153442,1.8300000429153442,100.0
2019-08-13 00:00:00,1.7699999809265137,1.7699999809265137,1.7699999809265137,1.7699999809265137,1.7699999809265137,100.0
2019-08-14 00:00:00,1.7100000381469727,1.7100000381469727,1.7599999904632568,1.7100000381469727,1.7599999904632568,2000.0
2019-08-15 00:00:00,1.7100000381469727,1.7100000381469727,1.7599999904632568,1.7100000381469727,1.7599999904632568,2000.0
2019-08-16 00:00:00,1.7100000381469727,1.7100000381469727,1.7100000381469727,1.7100000381469727,1.7100000381469727,0.0
2019-08-19 00:00:00,1.7100000381469727,1.7100000381469727,1.7100000381469727,1.7100000381469727,1.7100000381469727,0.0
2019-08-20 00:00:00,1.7100000381469727,1.7100000381469727,1.7100000381469727,1.7100000381469727,1.7100000381469727,0.0
2019-08-21 00:00:00,1.9199999570846558,1.9199999570846558,1.9199999570846558,1.75,1.75,4000.0
2019-08-22 00:00:00,1.9199999570846558,1.9199999570846558,1.9199999570846558,1.9199999570846558,1.9199999570846558,0.0
2019-08-23 00:00:00,1.9199999570846558,1.9199999570846558,1.9199999570846558,1.9199999570846558,1.9199999570846558,0.0
2019-08-26 00:00:00,1.9199999570846558,1.9199999570846558,1.9199999570846558,1.9199999570846558,1.9199999570846558,0.0
2019-08-27 00:00:00,1.909999966621399,1.909999966621399,1.909999966621399,1.909999966621399,1.909999966621399,200.0
2019-08-28 00:00:00,1.909999966621399,1.909999966621399,1.909999966621399,1.909999966621399,1.909999966621399,400.0
2019-08-29 00:00:00,1.909999966621399,1.909999966621399,1.909999966621399,1.909999966621399,1.909999966621399,0.0
2019-08-30 00:00:00,1.909999966621399,1.909999966621399,1.909999966621399,1.909999966621399,1.909999966621399,0.0
2019-09-03 00:00:00,1.9500000476837158,1.9500000476837158,1.9500000476837158,1.9500000476837158,1.9500000476837158,100.0
2019-09-04 00:00:00,1.909999966621399,1.909999966621399,1.909999966621399,1.909999966621399,1.909999966621399,200.0
2019-09-05 00:00:00,1.909999966621399,1.909999966621399,1.909999966621399,1.909999966621399,1.909999966621399,0.0
2019-09-06 00:00:00,1.7400000095367432,1.7400000095367432,1.7400000095367432,1.7400000095367432,1.7400000095367432,100.0
2019-09-09 00:00:00,1.9700000286102295,1.9700000286102295,1.9700000286102295,1.7100000381469727,1.7100000381469727,600.0
2019-09-10 00:00:00,1.8799999952316284,1.8799999952316284,1.8799999952316284,1.8799999952316284,1.8799999952316284,200.0
2019-09-11 00:00:00,1.8700000047683716,1.8700000047683716,1.8700000047683716,1.8700000047683716,1.8700000047683716,300.0
2019-09-12 00:00:00,1.8899999856948853,1.8899999856948853,1.8899999856948853,1.8899999856948853,1.8899999856948853,100.0
2019-09-13 00:00:00,1.8799999952316284,1.8799999952316284,1.8799999952316284,1.8799999952316284,1.8799999952316284,100.0
2019-09-16 00:00:00,1.7999999523162842,1.7999999523162842,1.7999999523162842,1.7999999523162842,1.7999999523162842,400.0
2019-09-17 00:00:00,1.8899999856948853,1.8899999856948853,1.8899999856948853,1.8899999856948853,1.8899999856948853,100.0
2019-09-18 00:00:00,1.8899999856948853,1.8899999856948853,1.8899999856948853,1.8899999856948853,1.8899999856948853,0.0
2019-09-19 00:00:00,1.8899999856948853,1.8899999856948853,1.8899999856948853,1.8899999856948853,1.8899999856948853,0.0
2019-09-20 00:00:00,1.8899999856948853,1.8899999856948853,1.8899999856948853,1.8899999856948853,1.8899999856948853,0.0
2019-09-23 00:00:00,1.649999976158142,1.649999976158142,1.649999976158142,1.649999976158142,1.649999976158142,500.0
2019-09-24 00:00:00,1.649999976158142,1.649999976158142,1.649999976158142,1.649999976158142,1.649999976158142,0.0
2019-09-25 00:00:00,1.5199999809265137,1.5199999809265137,1.6299999952316284,1.5199999809265137,1.6299999952316284,3100.0
2019-09-26 00:00:00,1.559999942779541,1.559999942779541,1.600000023841858,1.4299999475479126,1.600000023841858,14700.0
2019-09-27 00:00:00,1.440000057220459,1.440000057220459,1.5099999904632568,1.4199999570846558,1.5099999904632568,21000.0
2019-09-30 00:00:00,1.440000057220459,1.440000057220459,1.440000057220459,1.440000057220459,1.440000057220459,0.0
2019-10-01 00:00:00,1.399999976158142,1.399999976158142,1.440000057220459,1.3700000047683716,1.4199999570846558,12700.0
2019-10-02 00:00:00,1.399999976158142,1.399999976158142,1.4199999570846558,1.399999976158142,1.399999976158142,14000.0
2019-10-03 00:00:00,1.3700000047683716,1.3700000047683716,1.3799999952316284,1.3700000047683716,1.3799999952316284,1100.0
2019-10-04 00:00:00,1.4199999570846558,1.4199999570846558,1.6100000143051147,1.3899999856948853,1.409999966621399,4100.0
2019-10-07 00:00:00,1.4199999570846558,1.4199999570846558,1.4199999570846558,1.4199999570846558,1.4199999570846558,400.0
2019-10-08 00:00:00,1.4199999570846558,1.4199999570846558,1.4199999570846558,1.4199999570846558,1.4199999570846558,100.0
2019-10-09 00:00:00,1.399999976158142,1.399999976158142,1.399999976158142,1.3899999856948853,1.3899999856948853,200.0
2019-10-10 00:00:00,1.399999976158142,1.399999976158142,1.399999976158142,1.399999976158142,1.399999976158142,100.0
2019-10-11 00:00:00,1.6699999570846558,1.6699999570846558,1.8300000429153442,1.5,1.5,3700.0
2019-10-14 00:00:00,1.6699999570846558,1.6699999570846558,1.6699999570846558,1.6699999570846558,1.6699999570846558,200.0
2019-10-15 00:00:00,1.6699999570846558,1.6699999570846558,1.6699999570846558,1.6699999570846558,1.6699999570846558,0.0
2019-10-16 00:00:00,1.6699999570846558,1.6699999570846558,1.6699999570846558,1.6699999570846558,1.6699999570846558,0.0
2019-10-17 00:00:00,1.6699999570846558,1.6699999570846558,1.6699999570846558,1.6699999570846558,1.6699999570846558,100.0
2019-10-18 00:00:00,1.6699999570846558,1.6699999570846558,1.6699999570846558,1.6699999570846558,1.6699999570846558,0.0
2019-10-21 00:00:00,1.350000023841858,1.350000023841858,1.4900000095367432,1.340000033378601,1.4199999570846558,38200.0
2019-10-22 00:00:00,1.3799999952316284,1.3799999952316284,1.399999976158142,1.350000023841858,1.399999976158142,10500.0
2019-10-23 00:00:00,1.3799999952316284,1.3799999952316284,1.3799999952316284,1.3799999952316284,1.3799999952316284,0.0
2019-10-24 00:00:00,1.3799999952316284,1.3799999952316284,1.3799999952316284,1.3799999952316284,1.3799999952316284,0.0
2019-10-25 00:00:00,1.309999942779541,1.309999942779541,1.309999942779541,1.309999942779541,1.309999942779541,100.0
2019-10-28 00:00:00,1.440000057220459,1.440000057220459,1.440000057220459,1.350000023841858,1.350000023841858,7300.0
2019-10-29 00:00:00,1.440000057220459,1.440000057220459,1.440000057220459,1.440000057220459,1.440000057220459,0.0
2019-10-30 00:00:00,1.440000057220459,1.440000057220459,1.440000057220459,1.440000057220459,1.440000057220459,100.0
2019-10-31 00:00:00,1.3899999856948853,1.3899999856948853,1.3899999856948853,1.3899999856948853,1.3899999856948853,200.0
2019-11-01 00:00:00,1.590000033378601,1.590000033378601,1.590000033378601,1.440000057220459,1.440000057220459,500.0
2019-11-04 00:00:00,1.590000033378601,1.590000033378601,1.590000033378601,1.590000033378601,1.590000033378601,100.0
2019-11-05 00:00:00,1.350000023841858,1.350000023841858,1.350000023841858,1.340000033378601,1.350000023841858,4600.0
2019-11-06 00:00:00,1.399999976158142,1.399999976158142,1.409999966621399,1.399999976158142,1.409999966621399,1100.0
2019-11-07 00:00:00,1.399999976158142,1.399999976158142,1.399999976158142,1.399999976158142,1.399999976158142,100.0
2019-11-08 00:00:00,1.399999976158142,1.399999976158142,1.399999976158142,1.399999976158142,1.399999976158142,0.0
2019-11-11 00:00:00,1.2799999713897705,1.2799999713897705,1.3200000524520874,1.2799999713897705,1.3200000524520874,200.0
2019-11-12 00:00:00,1.2799999713897705,1.2799999713897705,1.340000033378601,1.2799999713897705,1.3300000429153442,2700.0
2019-11-13 00:00:00,1.3799999952316284,1.3799999952316284,1.3799999952316284,1.3799999952316284,1.3799999952316284,200.0
2019-11-14 00:00:00,1.309999942779541,1.309999942779541,1.399999976158142,1.25,1.309999942779541,6100.0
2019-11-15 00:00:00,1.309999942779541,1.309999942779541,1.3200000524520874,1.309999942779541,1.3200000524520874,200.0
2019-11-18 00:00:00,1.309999942779541,1.309999942779541,1.309999942779541,1.309999942779541,1.309999942779541,5200.0
2019-11-19 00:00:00,1.350000023841858,1.350000023841858,1.350000023841858,1.350000023841858,1.350000023841858,1000.0
2019-11-20 00:00:00,1.2000000476837158,1.2000000476837158,1.2699999809265137,1.2000000476837158,1.2699999809265137,5900.0
2019-11-21 00:00:00,1.3200000524520874,1.3200000524520874,1.3200000524520874,1.2999999523162842,1.2999999523162842,1300.0
2019-11-22 00:00:00,1.3200000524520874,1.3200000524520874,1.3200000524520874,1.3200000524520874,1.3200000524520874,0.0
2019-11-25 00:00:00,1.340000033378601,1.340000033378601,1.3600000143051147,1.2999999523162842,1.350000023841858,1500.0
2019-11-26 00:00:00,1.3300000429153442,1.3300000429153442,1.3300000429153442,1.3300000429153442,1.3300000429153442,500.0
2019-11-27 00:00:00,1.309999942779541,1.309999942779541,1.309999942779541,1.309999942779541,1.309999942779541,2700.0
2019-11-29 00:00:00,1.3300000429153442,1.3300000429153442,1.3300000429153442,1.3300000429153442,1.3300000429153442,400.0
2019-12-02 00:00:00,1.3300000429153442,1.3300000429153442,1.3300000429153442,1.3300000429153442,1.3300000429153442,100.0
2019-12-03 00:00:00,1.2999999523162842,1.2999999523162842,1.3799999952316284,1.25,1.3799999952316284,4500.0
2019-12-04 00:00:00,1.2899999618530273,1.2899999618530273,1.3700000047683716,1.1699999570846558,1.3700000047683716,2500.0
2019-12-05 00:00:00,1.2999999523162842,1.2999999523162842,1.309999942779541,1.2999999523162842,1.2999999523162842,3600.0
2019-12-06 00:00:00,1.2999999523162842,1.2999999523162842,1.2999999523162842,1.2999999523162842,1.2999999523162842,0.0
2019-12-09 00:00:00,1.2999999523162842,1.2999999523162842,1.2999999523162842,1.2999999523162842,1.2999999523162842,0.0
2019-12-10 00:00:00,1.2999999523162842,1.2999999523162842,1.2999999523162842,1.2999999523162842,1.2999999523162842,0.0
2019-12-11 00:00:00,1.2999999523162842,1.2999999523162842,1.2999999523162842,1.2400000095367432,1.2400000095367432,1200.0
2019-12-12 00:00:00,1.2799999713897705,1.2799999713897705,1.2799999713897705,1.2300000190734863,1.2599999904632568,800.0
2019-12-13 00:00:00,1.2699999809265137,1.2699999809265137,1.2699999809265137,1.2699999809265137,1.2699999809265137,100.0
2019-12-16 00:00:00,1.2599999904632568,1.2599999904632568,1.2599999904632568,1.2200000286102295,1.2300000190734863,1400.0
2019-12-17 00:00:00,1.2599999904632568,1.2599999904632568,1.2599999904632568,1.2599999904632568,1.2599999904632568,1000.0
2019-12-18 00:00:00,1.2599999904632568,1.2599999904632568,1.2599999904632568,1.2599999904632568,1.2599999904632568,0.0
2019-12-19 00:00:00,1.2599999904632568,1.2599999904632568,1.2599999904632568,1.2599999904632568,1.2599999904632568,0.0
2019-12-20 00:00:00,1.2599999904632568,1.2599999904632568,1.2599999904632568,1.2599999904632568,1.2599999904632568,0.0
2019-12-23 00:00:00,1.25,1.25,1.25,1.25,1.25,300.0
2019-12-24 00:00:00,1.25,1.25,1.2599999904632568,1.25,1.25,2600.0
2019-12-26 00:00:00,1.2999999523162842,1.2999999523162842,1.2999999523162842,1.2599999904632568,1.2599999904632568,10700.0
2019-12-27 00:00:00,1.2999999523162842,1.2999999523162842,1.2999999523162842,1.25,1.25,2300.0
2019-12-30 00:00:00,1.4600000381469727,1.4600000381469727,1.6200000047683716,1.25,1.25,156100.0
2019-12-31 00:00:00,1.3700000047683716,1.3700000047683716,1.3899999856948853,1.2999999523162842,1.3799999952316284,13900.0
2020-01-02 00:00:00,1.2999999523162842,1.2999999523162842,1.3899999856948853,1.2999999523162842,1.3700000047683716,5100.0
2020-01-03 00:00:00,1.409999966621399,1.409999966621399,1.409999966621399,1.3799999952316284,1.3799999952316284,2900.0
2020-01-06 00:00:00,1.4199999570846558,1.4199999570846558,1.4199999570846558,1.3300000429153442,1.3300000429153442,3900.0
2020-01-07 00:00:00,1.409999966621399,1.409999966621399,1.4199999570846558,1.3300000429153442,1.3300000429153442,6500.0
2020-01-08 00:00:00,1.2599999904632568,1.2599999904632568,1.2999999523162842,1.25,1.2999999523162842,12800.0
2020-01-09 00:00:00,1.2999999523162842,1.2999999523162842,1.2999999523162842,1.25,1.2999999523162842,5900.0
2020-01-10 00:00:00,1.2799999713897705,1.2799999713897705,1.2899999618530273,1.2200000286102295,1.25,15800.0
2020-01-13 00:00:00,1.2100000381469727,1.2100000381469727,1.2899999618530273,1.2100000381469727,1.2899999618530273,8400.0
2020-01-14 00:00:00,1.2999999523162842,1.2999999523162842,1.2999999523162842,1.2400000095367432,1.2899999618530273,10700.0
2020-01-15 00:00:00,1.2999999523162842,1.2999999523162842,1.2999999523162842,1.2999999523162842,1.2999999523162842,300.0
2020-01-16 00:00:00,1.2999999523162842,1.2999999523162842,1.2999999523162842,1.2599999904632568,1.2599999904632568,1200.0
2020-01-17 00:00:00,1.2999999523162842,1.2999999523162842,1.2999999523162842,1.2999999523162842,1.2999999523162842,0.0
2020-01-21 00:00:00,1.3300000429153442,1.3300000429153442,1.3799999952316284,1.2599999904632568,1.2999999523162842,54100.0
2020-01-22 00:00:00,1.2799999713897705,1.2799999713897705,1.3200000524520874,1.2799999713897705,1.2899999618530273,6300.0
2020-01-23 00:00:00,1.3600000143051147,1.3600000143051147,1.5199999809265137,1.2799999713897705,1.5199999809265137,11600.0
2020-01-24 00:00:00,1.309999942779541,1.309999942779541,1.3600000143051147,1.309999942779541,1.3600000143051147,2300.0
2020-01-27 00:00:00,1.3600000143051147,1.3600000143051147,1.3600000143051147,1.350000023841858,1.3600000143051147,4500.0
2020-01-28 00:00:00,1.3600000143051147,1.3600000143051147,1.3600000143051147,1.309999942779541,1.350000023841858,5800.0
2020-01-29 00:00:00,1.4800000190734863,1.4800000190734863,1.4800000190734863,1.3600000143051147,1.3899999856948853,4600.0
2020-01-30 00:00:00,1.5399999618530273,1.5399999618530273,1.5499999523162842,1.409999966621399,1.4199999570846558,17700.0
2020-01-31 00:00:00,1.6399999856948853,1.6399999856948853,1.7899999618530273,1.5099999904632568,1.5800000429153442,44400.0
2020-02-03 00:00:00,1.600000023841858,1.600000023841858,1.600000023841858,1.5399999618530273,1.559999942779541,5000.0
2020-02-04 00:00:00,1.5,1.5,1.7799999713897705,1.5,1.7799999713897705,7000.0
2020-02-05 00:00:00,1.5099999904632568,1.5099999904632568,1.5099999904632568,1.5099999904632568,1.5099999904632568,100.0
2020-02-06 00:00:00,1.5,1.5,1.5299999713897705,1.4199999570846558,1.5299999713897705,2400.0
2020-02-07 00:00:00,1.399999976158142,1.399999976158142,1.399999976158142,1.309999942779541,1.399999976158142,36000.0
2020-02-10 00:00:00,1.4500000476837158,1.4500000476837158,1.4500000476837158,1.409999966621399,1.409999966621399,900.0
2020-02-11 00:00:00,1.4500000476837158,1.4500000476837158,1.4500000476837158,1.4500000476837158,1.4500000476837158,0.0
2020-02-12 00:00:00,1.3700000047683716,1.3700000047683716,1.399999976158142,1.3700000047683716,1.399999976158142,15000.0
2020-02-13 00:00:00,1.399999976158142,1.399999976158142,1.399999976158142,1.340000033378601,1.350000023841858,2400.0
2020-02-14 00:00:00,1.399999976158142,1.399999976158142,1.399999976158142,1.399999976158142,1.399999976158142,0.0
2020-02-18 00:00:00,1.4700000286102295,1.4700000286102295,1.4700000286102295,1.399999976158142,1.399999976158142,31400.0
2020-02-19 00:00:00,1.4299999475479126,1.4299999475479126,1.5,1.4299999475479126,1.4299999475479126,8900.0
2020-02-20 00:00:00,1.4299999475479126,1.4299999475479126,1.440000057220459,1.4199999570846558,1.440000057220459,3100.0
2020-02-21 00:00:00,1.5,1.5,1.5,1.5,1.5,200.0
2020-02-24 00:00:00,1.4800000190734863,1.4800000190734863,1.5,1.4500000476837158,1.4800000190734863,2900.0
2020-02-25 00:00:00,1.4600000381469727,1.4600000381469727,1.4600000381469727,1.4600000381469727,1.4600000381469727,6800.0
2020-02-26 00:00:00,1.399999976158142,1.399999976158142,1.5499999523162842,1.350000023841858,1.4299999475479126,61500.0
2020-02-27 00:00:00,1.340000033378601,1.340000033378601,1.399999976158142,1.2100000381469727,1.399999976158142,14500.0
2020-02-28 00:00:00,1.340000033378601,1.340000033378601,1.340000033378601,1.340000033378601,1.340000033378601,0.0
2020-03-02 00:00:00,1.309999942779541,1.309999942779541,1.3200000524520874,1.309999942779541,1.3200000524520874,400.0
2020-03-03 00:00:00,1.309999942779541,1.309999942779541,1.3700000047683716,1.309999942779541,1.3700000047683716,1300.0
2020-03-04 00:00:00,1.309999942779541,1.309999942779541,1.3300000429153442,1.309999942779541,1.309999942779541,3500.0
2020-03-05 00:00:00,1.25,1.25,1.25,1.25,1.25,1900.0
2020-03-06 00:00:00,1.190000057220459,1.190000057220459,1.25,1.190000057220459,1.25,23700.0
2020-03-09 00:00:00,1.2799999713897705,1.2799999713897705,1.309999942779541,1.059999942779541,1.190000057220459,30800.0
2020-03-10 00:00:00,1.0700000524520874,1.0700000524520874,1.2599999904632568,1.0199999809265137,1.2599999904632568,28900.0
2020-03-11 00:00:00,1.0299999713897705,1.0299999713897705,1.0299999713897705,1.0,1.0,2000.0
2020-03-12 00:00:00,0.9399999976158142,0.9399999976158142,0.9399999976158142,0.8299999833106995,0.8299999833106995,1100.0
2020-03-13 00:00:00,1.0499999523162842,1.0499999523162842,1.1100000143051147,0.8399999737739563,1.1100000143051147,1800.0
2020-03-16 00:00:00,1.0499999523162842,1.0499999523162842,1.0499999523162842,1.0499999523162842,1.0499999523162842,0.0
2020-03-17 00:00:00,1.0099999904632568,1.0099999904632568,1.0199999809265137,0.75,0.75,6800.0
2020-03-18 00:00:00,0.9599999785423279,0.9599999785423279,1.090000033378601,0.6299999952316284,1.090000033378601,9900.0
2020-03-19 00:00:00,0.9800000190734863,0.9800000190734863,1.0,0.8999999761581421,0.8999999761581421,1200.0
2020-03-20 00:00:00,1.0,1.0,1.0,1.0,1.0,400.0
2020-03-23 00:00:00,1.0,1.0,1.0,0.8700000047683716,1.0,1100.0
2020-03-24 00:00:00,1.0,1.0,1.0,1.0,1.0,500.0
2020-03-25 00:00:00,1.0,1.0,1.0,0.8999999761581421,0.8999999761581421,200.0
2020-03-26 00:00:00,1.0299999713897705,1.0299999713897705,1.0299999713897705,0.8999999761581421,1.0,6000.0
2020-03-27 00:00:00,0.8999999761581421,0.8999999761581421,1.0399999618530273,0.8999999761581421,1.0399999618530273,400.0
2020-03-30 00:00:00,1.1799999475479126,1.1799999475479126,1.2000000476837158,1.0499999523162842,1.0499999523162842,5500.0
2020-03-31 00:00:00,1.1799999475479126,1.1799999475479126,1.2000000476837158,1.100000023841858,1.190000057220459,2300.0
2020-04-01 00:00:00,1.0,1.0,1.090000033378601,0.800000011920929,0.8899999856948853,16100.0
2020-04-02 00:00:00,0.9900000095367432,0.9900000095367432,1.0,0.9300000071525574,0.9300000071525574,1900.0
2020-04-03 00:00:00,1.0,1.0,1.0,1.0,1.0,200.0
2020-04-06 00:00:00,0.9200000166893005,0.9200000166893005,1.0,0.9200000166893005,1.0,1600.0
2020-04-07 00:00:00,0.9200000166893005,0.9200000166893005,0.9200000166893005,0.9200000166893005,0.9200000166893005,0.0
2020-04-08 00:00:00,1.2100000381469727,1.2100000381469727,1.3200000524520874,1.0299999713897705,1.2200000286102295,8700.0
2020-04-09 00:00:00,1.0399999618530273,1.0399999618530273,1.2000000476837158,1.0399999618530273,1.059999942779541,2900.0
2020-04-13 00:00:00,1.1699999570846558,1.1699999570846558,1.1699999570846558,1.1699999570846558,1.1699999570846558,600.0
2020-04-14 00:00:00,1.149999976158142,1.149999976158142,1.25,1.059999942779541,1.25,1600.0
2020-04-15 00:00:00,1.149999976158142,1.149999976158142,1.149999976158142,1.149999976158142,1.149999976158142,0.0
2020-04-16 00:00:00,1.1100000143051147,1.1100000143051147,1.2000000476837158,1.1100000143051147,1.2000000476837158,500.0
2020-04-17 00:00:00,1.1299999952316284,1.1299999952316284,1.1299999952316284,1.1299999952316284,1.1299999952316284,300.0
2020-04-20 00:00:00,1.2000000476837158,1.2000000476837158,1.2000000476837158,1.2000000476837158,1.2000000476837158,200.0
2020-04-21 00:00:00,1.100000023841858,1.100000023841858,1.100000023841858,0.9200000166893005,1.100000023841858,8200.0
2020-04-22 00:00:00,1.0399999618530273,1.0399999618530273,1.0399999618530273,1.0399999618530273,1.0399999618530273,1000.0
2020-04-23 00:00:00,1.0399999618530273,1.0399999618530273,1.0399999618530273,1.0399999618530273,1.0399999618530273,200.0
2020-04-24 00:00:00,0.949999988079071,0.949999988079071,0.949999988079071,0.949999988079071,0.949999988079071,200.0
2020-04-27 00:00:00,1.1799999475479126,1.1799999475479126,1.190000057220459,1.0800000429153442,1.0800000429153442,5300.0
2020-04-28 00:00:00,1.3200000524520874,1.3200000524520874,1.3200000524520874,1.190000057220459,1.190000057220459,2300.0
2020-04-29 00:00:00,1.2100000381469727,1.2100000381469727,1.3600000143051147,1.1399999856948853,1.3600000143051147,5600.0
2020-04-30 00:00:00,1.2100000381469727,1.2100000381469727,1.2100000381469727,1.2100000381469727,1.2100000381469727,0.0
2020-05-01 00:00:00,1.159999966621399,1.159999966621399,1.159999966621399,1.159999966621399,1.159999966621399,400.0
2020-05-04 00:00:00,1.2300000190734863,1.2300000190734863,1.2300000190734863,1.159999966621399,1.159999966621399,1600.0
2020-05-05 00:00:00,1.440000057220459,1.440000057220459,1.4500000476837158,1.2999999523162842,1.4199999570846558,13400.0
2020-05-06 00:00:00,1.440000057220459,1.440000057220459,1.440000057220459,1.440000057220459,1.440000057220459,600.0
2020-05-07 00:00:00,1.440000057220459,1.440000057220459,1.440000057220459,1.440000057220459,1.440000057220459,0.0
2020-05-08 00:00:00,1.440000057220459,1.440000057220459,1.440000057220459,1.440000057220459,1.440000057220459,0.0
2020-05-11 00:00:00,1.440000057220459,1.440000057220459,1.440000057220459,1.440000057220459,1.440000057220459,0.0
2020-05-12 00:00:00,1.4500000476837158,1.4500000476837158,1.4500000476837158,1.2999999523162842,1.340000033378601,4500.0
2020-05-13 00:00:00,1.2999999523162842,1.2999999523162842,1.2999999523162842,1.2999999523162842,1.2999999523162842,400.0
2020-05-14 00:00:00,1.3899999856948853,1.3899999856948853,1.399999976158142,1.2699999809265137,1.3700000047683716,1700.0
2020-05-15 00:00:00,1.3899999856948853,1.3899999856948853,1.3899999856948853,1.3899999856948853,1.3899999856948853,0.0
2020-05-18 00:00:00,1.3899999856948853,1.3899999856948853,1.3899999856948853,1.3600000143051147,1.3799999952316284,500.0
2020-05-19 00:00:00,1.399999976158142,1.399999976158142,1.4500000476837158,1.1799999475479126,1.1799999475479126,14800.0
2020-05-20 00:00:00,1.309999942779541,1.309999942779541,1.309999942779541,1.2699999809265137,1.2699999809265137,1700.0
2020-05-21 00:00:00,1.1200000047683716,1.1200000047683716,1.1200000047683716,1.1200000047683716,1.1200000047683716,200.0
2020-05-22 00:00:00,1.1200000047683716,1.1200000047683716,1.1200000047683716,1.1200000047683716,1.1200000047683716,0.0
2020-05-26 00:00:00,1.309999942779541,1.309999942779541,1.440000057220459,1.1699999570846558,1.440000057220459,11500.0
2020-05-27 00:00:00,1.4500000476837158,1.4500000476837158,1.4500000476837158,1.2300000190734863,1.3899999856948853,2900.0
2020-05-28 00:00:00,1.3700000047683716,1.3700000047683716,1.3700000047683716,1.3700000047683716,1.3700000047683716,1200.0
2020-05-29 00:00:00,1.340000033378601,1.340000033378601,1.4500000476837158,1.340000033378601,1.350000023841858,4400.0
2020-06-01 00:00:00,1.309999942779541,1.309999942779541,1.309999942779541,1.309999942779541,1.309999942779541,300.0
2020-06-02 00:00:00,1.25,1.25,1.3600000143051147,1.25,1.3600000143051147,400.0
2020-06-03 00:00:00,1.25,1.25,1.25,1.25,1.25,200.0
2020-06-04 00:00:00,1.25,1.25,1.25,1.25,1.25,0.0
2020-06-05 00:00:00,1.25,1.25,1.25,1.25,1.25,0.0
2020-06-08 00:00:00,1.3600000143051147,1.3600000143051147,1.4500000476837158,1.2699999809265137,1.4500000476837158,2200.0
2020-06-09 00:00:00,1.340000033378601,1.340000033378601,1.4500000476837158,1.340000033378601,1.3600000143051147,3000.0
2020-06-10 00:00:00,1.3799999952316284,1.3799999952316284,1.4500000476837158,1.2599999904632568,1.4500000476837158,2500.0
2020-06-11 00:00:00,1.340000033378601,1.340000033378601,1.3799999952316284,1.340000033378601,1.3799999952316284,2000.0
2020-06-12 00:00:00,1.3799999952316284,1.3799999952316284,1.3799999952316284,1.3799999952316284,1.3799999952316284,200.0
2020-06-15 00:00:00,1.6299999952316284,1.6299999952316284,2.0899999141693115,1.3700000047683716,1.3700000047683716,248000.0
2020-06-16 00:00:00,1.649999976158142,1.649999976158142,1.7300000190734863,1.399999976158142,1.649999976158142,176100.0
2020-06-17 00:00:00,1.4900000095367432,1.4900000095367432,1.559999942779541,1.350000023841858,1.559999942779541,26000.0
2020-06-18 00:00:00,1.4700000286102295,1.4700000286102295,1.5399999618530273,1.350000023841858,1.4199999570846558,11300.0
2020-06-19 00:00:00,1.5,1.5,1.5099999904632568,1.3200000524520874,1.4700000286102295,12200.0
2020-06-22 00:00:00,1.6200000047683716,1.6200000047683716,1.75,1.5,1.5,232000.0
2020-06-23 00:00:00,1.590000033378601,1.590000033378601,1.600000023841858,1.409999966621399,1.600000023841858,40600.0
2020-06-24 00:00:00,1.2999999523162842,1.2999999523162842,1.5800000429153442,1.2300000190734863,1.5800000429153442,71500.0
2020-06-25 00:00:00,1.409999966621399,1.409999966621399,1.440000057220459,1.2899999618530273,1.350000023841858,25100.0
2020-06-26 00:00:00,1.4600000381469727,1.4600000381469727,1.4600000381469727,1.2999999523162842,1.440000057220459,20100.0
2020-06-29 00:00:00,1.5499999523162842,1.5499999523162842,1.600000023841858,1.4900000095367432,1.5099999904632568,44900.0
2020-06-30 00:00:00,1.590000033378601,1.590000033378601,1.590000033378601,1.5,1.590000033378601,31500.0
2020-07-01 00:00:00,1.590000033378601,1.590000033378601,1.590000033378601,1.4199999570846558,1.5499999523162842,6400.0
2020-07-02 00:00:00,1.590000033378601,1.590000033378601,1.600000023841858,1.5199999809265137,1.600000023841858,13000.0
2020-07-06 00:00:00,1.590000033378601,1.590000033378601,1.590000033378601,1.4900000095367432,1.5499999523162842,6600.0
2020-07-07 00:00:00,1.5199999809265137,1.5199999809265137,1.5800000429153442,1.5199999809265137,1.5800000429153442,2600.0
2020-07-08 00:00:00,1.4700000286102295,1.4700000286102295,1.5199999809265137,1.4199999570846558,1.4900000095367432,16300.0
2020-07-09 00:00:00,1.3700000047683716,1.3700000047683716,1.5399999618530273,1.3700000047683716,1.4500000476837158,7200.0
2020-07-10 00:00:00,1.4800000190734863,1.4800000190734863,1.4800000190734863,1.399999976158142,1.4600000381469727,5600.0
2020-07-13 00:00:00,1.4900000095367432,1.4900000095367432,1.4900000095367432,1.3799999952316284,1.440000057220459,20000.0
2020-07-14 00:00:00,1.5299999713897705,1.5299999713897705,1.5299999713897705,1.4299999475479126,1.4700000286102295,4300.0
2020-07-15 00:00:00,1.5,1.5,1.5299999713897705,1.5,1.5299999713897705,6600.0
2020-07-16 00:00:00,1.4199999570846558,1.4199999570846558,1.5,1.409999966621399,1.5,6900.0
2020-07-17 00:00:00,1.4900000095367432,1.4900000095367432,1.4900000095367432,1.4500000476837158,1.4500000476837158,500.0
2020-07-20 00:00:00,1.4700000286102295,1.4700000286102295,1.4800000190734863,1.4600000381469727,1.4800000190734863,2900.0
2020-07-21 00:00:00,1.4199999570846558,1.4199999570846558,1.4800000190734863,1.4199999570846558,1.4700000286102295,3100.0
2020-07-22 00:00:00,1.5,1.5,1.5,1.4500000476837158,1.4800000190734863,31600.0
2020-07-23 00:00:00,1.5,1.5,1.5199999809265137,1.4800000190734863,1.5,9900.0
2020-07-24 00:00:00,1.4500000476837158,1.4500000476837158,1.4500000476837158,1.4500000476837158,1.4500000476837158,400.0
2020-07-27 00:00:00,1.559999942779541,1.559999942779541,1.559999942779541,1.4700000286102295,1.5099999904632568,7200.0
2020-07-28 00:00:00,1.809999942779541,1.809999942779541,2.0999999046325684,1.649999976158142,1.649999976158142,206400.0
2020-07-29 00:00:00,1.6299999952316284,1.6299999952316284,1.75,1.5700000524520874,1.75,25400.0
2020-07-30 00:00:00,1.5800000429153442,1.5800000429153442,1.6299999952316284,1.5499999523162842,1.6299999952316284,2200.0
2020-07-31 00:00:00,1.5800000429153442,1.5800000429153442,1.690000057220459,1.440000057220459,1.5499999523162842,14300.0
2020-08-03 00:00:00,1.6100000143051147,1.6100000143051147,1.6699999570846558,1.6100000143051147,1.6200000047683716,8400.0
2020-08-04 00:00:00,1.6299999952316284,1.6299999952316284,1.7000000476837158,1.6200000047683716,1.7000000476837158,10700.0
2020-08-05 00:00:00,1.7100000381469727,1.7100000381469727,1.7100000381469727,1.649999976158142,1.649999976158142,2000.0
2020-08-06 00:00:00,1.7200000286102295,1.7200000286102295,1.75,1.6699999570846558,1.6699999570846558,3100.0
2020-08-07 00:00:00,1.7000000476837158,1.7000000476837158,1.75,1.7000000476837158,1.75,4800.0
2020-08-10 00:00:00,1.7100000381469727,1.7100000381469727,1.75,1.6699999570846558,1.7000000476837158,4400.0
2020-08-11 00:00:00,1.6799999475479126,1.6799999475479126,1.7400000095367432,1.6699999570846558,1.7400000095367432,4400.0
2020-08-12 00:00:00,1.899999976158142,1.899999976158142,1.899999976158142,1.690000057220459,1.75,48900.0
2020-08-13 00:00:00,1.809999942779541,1.809999942779541,1.899999976158142,1.7200000286102295,1.899999976158142,17000.0
2020-08-14 00:00:00,1.7100000381469727,1.7100000381469727,1.809999942779541,1.690000057220459,1.7999999523162842,14700.0
2020-08-17 00:00:00,1.7000000476837158,1.7000000476837158,1.7200000286102295,1.6299999952316284,1.7200000286102295,3800.0
2020-08-18 00:00:00,1.8300000429153442,1.8300000429153442,1.8600000143051147,1.75,1.7699999809265137,19300.0
2020-08-19 00:00:00,1.7000000476837158,1.7000000476837158,1.75,1.7000000476837158,1.75,11200.0
2020-08-20 00:00:00,1.659999966621399,1.659999966621399,1.7699999809265137,1.659999966621399,1.7000000476837158,1600.0
2020-08-21 00:00:00,1.75,1.75,1.7699999809265137,1.6799999475479126,1.6799999475479126,1700.0
2020-08-24 00:00:00,1.7000000476837158,1.7000000476837158,1.7799999713897705,1.649999976158142,1.75,14000.0
2020-08-25 00:00:00,1.6100000143051147,1.6100000143051147,1.7000000476837158,1.6100000143051147,1.7000000476837158,7200.0
2020-08-26 00:00:00,1.690000057220459,1.690000057220459,1.7000000476837158,1.659999966621399,1.6699999570846558,6700.0
2020-08-27 00:00:00,1.6100000143051147,1.6100000143051147,1.7000000476837158,1.6100000143051147,1.7000000476837158,3900.0
2020-08-28 00:00:00,1.7000000476837158,1.7000000476837158,1.7000000476837158,1.600000023841858,1.600000023841858,300.0
2020-08-31 00:00:00,1.7000000476837158,1.7000000476837158,1.7000000476837158,1.6699999570846558,1.7000000476837158,16000.0
2020-09-01 00:00:00,1.8300000429153442,1.8300000429153442,1.8300000429153442,1.7100000381469727,1.7100000381469727,9500.0
2020-09-02 00:00:00,1.809999942779541,1.809999942779541,1.8300000429153442,1.7699999809265137,1.8300000429153442,4900.0
2020-09-03 00:00:00,1.7400000095367432,1.7400000095367432,1.75,1.7400000095367432,1.75,6400.0
2020-09-04 00:00:00,1.75,1.75,1.75,1.7000000476837158,1.7100000381469727,57800.0
2020-09-08 00:00:00,1.940000057220459,1.940000057220459,2.2200000286102295,1.8200000524520874,1.8300000429153442,114300.0
2020-09-09 00:00:00,2.2100000381469727,2.2100000381469727,2.3499999046325684,2.069999933242798,2.240000009536743,139200.0
2020-09-10 00:00:00,2.069999933242798,2.069999933242798,2.180000066757202,2.0199999809265137,2.049999952316284,41800.0
2020-09-11 00:00:00,2.0799999237060547,2.0799999237060547,2.180000066757202,2.0199999809265137,2.0199999809265137,9300.0
2020-09-14 00:00:00,2.1500000953674316,2.1500000953674316,2.1700000762939453,2.049999952316284,2.049999952316284,9300.0
2020-09-15 00:00:00,2.1700000762939453,2.1700000762939453,2.2699999809265137,2.1700000762939453,2.2699999809265137,1800.0
2020-09-16 00:00:00,2.140000104904175,2.140000104904175,2.180000066757202,2.0999999046325684,2.0999999046325684,2400.0
2020-09-17 00:00:00,2.109999895095825,2.109999895095825,2.140000104904175,2.049999952316284,2.059999942779541,10900.0
2020-09-18 00:00:00,2.069999933242798,2.069999933242798,2.119999885559082,2.049999952316284,2.059999942779541,9100.0
2020-09-21 00:00:00,2.069999933242798,2.069999933242798,2.0899999141693115,1.7699999809265137,2.049999952316284,20300.0
2020-09-22 00:00:00,2.109999895095825,2.109999895095825,2.130000114440918,2.0199999809265137,2.069999933242798,2000.0
2020-09-23 00:00:00,1.9900000095367432,1.9900000095367432,2.0999999046325684,1.9500000476837158,2.0799999237060547,2100.0
2020-09-24 00:00:00,1.8600000143051147,1.8600000143051147,1.909999966621399,1.8600000143051147,1.909999966621399,2300.0
2020-09-25 00:00:00,1.8600000143051147,1.8600000143051147,1.899999976158142,1.7300000190734863,1.809999942779541,3900.0
2020-09-28 00:00:00,1.850000023841858,1.850000023841858,1.8799999952316284,1.7799999713897705,1.7799999713897705,1600.0
2020-09-29 00:00:00,1.8899999856948853,1.8899999856948853,1.899999976158142,1.8899999856948853,1.8899999856948853,2400.0
2020-09-30 00:00:00,1.899999976158142,1.899999976158142,1.899999976158142,1.899999976158142,1.899999976158142,1000.0
2020-10-01 00:00:00,1.850000023841858,1.850000023841858,1.8600000143051147,1.7999999523162842,1.8600000143051147,5700.0
2020-10-02 00:00:00,1.8300000429153442,1.8300000429153442,1.8799999952316284,1.809999942779541,1.8799999952316284,7100.0
2020-10-05 00:00:00,1.9500000476837158,1.9500000476837158,2.0299999713897705,1.8600000143051147,1.8799999952316284,5600.0
2020-10-06 00:00:00,1.9700000286102295,1.9700000286102295,1.9700000286102295,1.9199999570846558,1.9299999475479126,7400.0
2020-10-07 00:00:00,2.0,2.0,2.0399999618530273,1.9900000095367432,1.9900000095367432,1800.0
2020-10-08 00:00:00,2.059999942779541,2.059999942779541,2.0999999046325684,2.059999942779541,2.059999942779541,3700.0
2020-10-09 00:00:00,2.1500000953674316,2.1500000953674316,2.2699999809265137,1.9600000381469727,2.0,21100.0
2020-10-12 00:00:00,2.0,2.0,2.299999952316284,1.8700000047683716,2.190000057220459,16000.0
2020-10-13 00:00:00,2.069999933242798,2.069999933242798,2.1500000953674316,2.049999952316284,2.0999999046325684,1800.0
2020-10-14 00:00:00,2.180000066757202,2.180000066757202,2.180000066757202,2.180000066757202,2.180000066757202,200.0
2020-10-15 00:00:00,2.0,2.0,2.180000066757202,2.0,2.180000066757202,1800.0
2020-10-16 00:00:00,1.9500000476837158,1.9500000476837158,1.9500000476837158,1.9500000476837158,1.9500000476837158,600.0
2020-10-19 00:00:00,2.0299999713897705,2.0299999713897705,2.180000066757202,1.9299999475479126,2.0399999618530273,9000.0
2020-10-20 00:00:00,2.380000114440918,2.380000114440918,2.490000009536743,2.0999999046325684,2.130000114440918,64600.0
2020-10-21 00:00:00,2.3499999046325684,2.3499999046325684,2.490000009536743,2.1500000953674316,2.490000009536743,10100.0
2020-10-22 00:00:00,2.2899999618530273,2.2899999618530273,2.299999952316284,2.1500000953674316,2.200000047683716,12300.0
2020-10-23 00:00:00,2.369999885559082,2.369999885559082,2.369999885559082,2.1500000953674316,2.200000047683716,2000.0
2020-10-26 00:00:00,2.2200000286102295,2.2200000286102295,2.25,2.009999990463257,2.180000066757202,36600.0
2020-10-27 00:00:00,2.119999885559082,2.119999885559082,2.25,2.069999933242798,2.2200000286102295,6100.0
2020-10-28 00:00:00,2.059999942779541,2.059999942779541,2.140000104904175,2.0,2.0899999141693115,8200.0
2020-10-29 00:00:00,2.200000047683716,2.200000047683716,2.700000047683716,2.0399999618530273,2.059999942779541,141700.0
2020-10-30 00:00:00,2.140000104904175,2.140000104904175,2.6500000953674316,2.0999999046325684,2.200000047683716,93900.0
2020-11-02 00:00:00,2.1700000762939453,2.1700000762939453,2.299999952316284,2.1500000953674316,2.2899999618530273,10800.0
2020-11-03 00:00:00,2.140000104904175,2.140000104904175,2.309999942779541,2.0999999046325684,2.309999942779541,13800.0
2020-11-04 00:00:00,2.200000047683716,2.200000047683716,2.359999895095825,2.0999999046325684,2.1600000858306885,22900.0
2020-11-05 00:00:00,2.2899999618530273,2.2899999618530273,2.4700000286102295,2.25,2.319999933242798,8400.0
2020-11-06 00:00:00,2.2799999713897705,2.2799999713897705,2.299999952316284,2.240000009536743,2.2899999618530273,8200.0
2020-11-09 00:00:00,2.299999952316284,2.299999952316284,2.430000066757202,2.2899999618530273,2.299999952316284,13200.0
2020-11-10 00:00:00,2.359999895095825,2.359999895095825,2.4000000953674316,2.1500000953674316,2.200000047683716,18600.0
2020-11-11 00:00:00,2.380000114440918,2.380000114440918,2.4000000953674316,2.2799999713897705,2.2799999713897705,11700.0
2020-11-12 00:00:00,2.2899999618530273,2.2899999618530273,2.4000000953674316,2.200000047683716,2.369999885559082,4000.0
2020-11-13 00:00:00,2.299999952316284,2.299999952316284,2.4000000953674316,2.299999952316284,2.299999952316284,12100.0
2020-11-16 00:00:00,2.380000114440918,2.380000114440918,2.4200000762939453,2.2100000381469727,2.2100000381469727,20800.0
2020-11-17 00:00:00,2.299999952316284,2.299999952316284,2.369999885559082,2.240000009536743,2.2699999809265137,16400.0
2020-11-18 00:00:00,2.2899999618530273,2.2899999618530273,2.4000000953674316,2.2899999618530273,2.390000104904175,6300.0
2020-11-19 00:00:00,2.4000000953674316,2.4000000953674316,2.4000000953674316,2.299999952316284,2.3499999046325684,15900.0
2020-11-20 00:00:00,2.4100000858306885,2.4100000858306885,2.5,2.3399999141693115,2.5,6300.0
2020-11-23 00:00:00,2.440000057220459,2.440000057220459,2.490000009536743,2.3299999237060547,2.490000009536743,13900.0
2020-11-24 00:00:00,2.4000000953674316,2.4000000953674316,2.440000057220459,2.3299999237060547,2.4000000953674316,10600.0
2020-11-25 00:00:00,2.490000009536743,2.490000009536743,2.490000009536743,2.3499999046325684,2.450000047683716,16700.0
2020-11-27 00:00:00,2.509999990463257,2.509999990463257,2.509999990463257,2.4200000762939453,2.490000009536743,7300.0
2020-11-30 00:00:00,2.4600000381469727,2.4600000381469727,2.5399999618530273,2.380000114440918,2.4800000190734863,38200.0
2020-12-01 00:00:00,2.4200000762939453,2.4200000762939453,2.5399999618530273,2.4000000953674316,2.5399999618530273,19700.0
2020-12-02 00:00:00,2.4000000953674316,2.4000000953674316,2.450000047683716,2.3299999237060547,2.3499999046325684,17200.0
2020-12-03 00:00:00,2.4200000762939453,2.4200000762939453,2.430000066757202,2.2799999713897705,2.2799999713897705,6100.0
2020-12-04 00:00:00,2.4100000858306885,2.4100000858306885,2.440000057220459,2.390000104904175,2.440000057220459,6600.0
2020-12-07 00:00:00,2.4000000953674316,2.4000000953674316,2.4100000858306885,2.4000000953674316,2.4100000858306885,1900.0
2020-12-08 00:00:00,2.390000104904175,2.390000104904175,2.4100000858306885,2.2699999809265137,2.3499999046325684,19400.0
2020-12-09 00:00:00,2.4000000953674316,2.4000000953674316,2.4200000762939453,2.319999933242798,2.369999885559082,55400.0
2020-12-10 00:00:00,2.4600000381469727,2.4600000381469727,2.619999885559082,2.380000114440918,2.440000057220459,21100.0
2020-12-11 00:00:00,2.390000104904175,2.390000104904175,2.509999990463257,2.380000114440918,2.450000047683716,7200.0
2020-12-14 00:00:00,2.630000114440918,2.630000114440918,2.890000104904175,2.509999990463257,2.5399999618530273,139900.0
2020-12-15 00:00:00,2.740000009536743,2.740000009536743,2.859999895095825,2.5199999809265137,2.8499999046325684,54800.0
2020-12-16 00:00:00,2.7899999618530273,2.7899999618530273,2.9000000953674316,2.7200000286102295,2.9000000953674316,18300.0
2020-12-17 00:00:00,2.859999895095825,2.859999895095825,3.0,2.7799999713897705,3.0,50700.0
2020-12-18 00:00:00,2.880000114440918,2.880000114440918,2.950000047683716,2.880000114440918,2.890000104904175,9900.0
2020-12-21 00:00:00,2.8299999237060547,2.8299999237060547,2.8299999237060547,2.7200000286102295,2.759999990463257,20700.0
2020-12-22 00:00:00,2.6600000858306885,2.6600000858306885,2.7799999713897705,2.609999895095825,2.7799999713897705,38100.0
2020-12-23 00:00:00,2.799999952316284,2.799999952316284,2.8399999141693115,2.740000009536743,2.759999990463257,12100.0
2020-12-24 00:00:00,2.75,2.75,2.890000104904175,2.75,2.890000104904175,10200.0
2020-12-28 00:00:00,2.940000057220459,2.940000057220459,3.0399999618530273,2.9200000762939453,2.950000047683716,71800.0
2020-12-29 00:00:00,3.0899999141693115,3.0899999141693115,3.0999999046325684,2.990000009536743,3.0,26500.0
2020-12-30 00:00:00,3.1700000762939453,3.1700000762939453,3.4000000953674316,3.059999942779541,3.359999895095825,61500.0
2020-12-31 00:00:00,3.0299999713897705,3.0299999713897705,3.200000047683716,2.9000000953674316,3.0999999046325684,29800.0
2021-01-04 00:00:00,3.5,3.5,3.799999952316284,3.0199999809265137,3.0199999809265137,89700.0
2021-01-05 00:00:00,3.4000000953674316,3.4000000953674316,3.5199999809265137,3.359999895095825,3.450000047683716,23400.0
2021-01-06 00:00:00,3.240000009536743,3.240000009536743,3.4200000762939453,3.2200000286102295,3.4200000762939453,50500.0
2021-01-07 00:00:00,3.4100000858306885,3.4100000858306885,3.4800000190734863,3.2300000190734863,3.3399999141693115,32500.0
2021-01-08 00:00:00,3.509999990463257,3.509999990463257,3.5999999046325684,3.299999952316284,3.430000066757202,16600.0
2021-01-11 00:00:00,3.4600000381469727,3.4600000381469727,3.5399999618530273,3.3299999237060547,3.5399999618530273,10000.0
2021-01-12 00:00:00,3.640000104904175,3.640000104904175,3.859999895095825,3.3399999141693115,3.5799999237060547,37300.0
2021-01-13 00:00:00,4.150000095367432,4.150000095367432,4.170000076293945,3.880000114440918,3.9000000953674316,49000.0
2021-01-14 00:00:00,3.950000047683716,3.950000047683716,4.159999847412109,3.8399999141693115,4.010000228881836,33800.0
2021-01-15 00:00:00,3.8299999237060547,3.8299999237060547,3.9800000190734863,3.799999952316284,3.799999952316284,14700.0
2021-01-19 00:00:00,3.6700000762939453,3.6700000762939453,3.8299999237060547,3.569999933242798,3.799999952316284,29300.0
2021-01-20 00:00:00,3.700000047683716,3.700000047683716,3.8399999141693115,3.3399999141693115,3.5799999237060547,37800.0
2021-01-21 00:00:00,3.490000009536743,3.490000009536743,3.569999933242798,3.359999895095825,3.569999933242798,21800.0
2021-01-22 00:00:00,3.4800000190734863,3.4800000190734863,3.569999933242798,3.3399999141693115,3.4000000953674316,23000.0
2021-01-25 00:00:00,3.640000104904175,3.640000104904175,3.640000104904175,3.4200000762939453,3.5,12500.0
2021-01-26 00:00:00,3.6500000953674316,3.6500000953674316,3.7699999809265137,3.619999885559082,3.700000047683716,17000.0
2021-01-27 00:00:00,3.450000047683716,3.450000047683716,3.5199999809265137,3.2200000286102295,3.430000066757202,24600.0
2021-01-28 00:00:00,3.2200000286102295,3.2200000286102295,3.319999933242798,3.049999952316284,3.309999942779541,26400.0
2021-01-29 00:00:00,3.109999895095825,3.109999895095825,3.200000047683716,3.0199999809265137,3.069999933242798,26400.0
2021-02-01 00:00:00,3.2200000286102295,3.2200000286102295,3.2799999713897705,3.1500000953674316,3.2300000190734863,23900.0
2021-02-02 00:00:00,3.0899999141693115,3.0899999141693115,3.1600000858306885,2.9800000190734863,3.1600000858306885,16900.0
2021-02-03 00:00:00,2.990000009536743,2.990000009536743,3.0399999618530273,2.8299999237060547,3.0399999618530273,20300.0
2021-02-04 00:00:00,3.109999895095825,3.109999895095825,3.130000114440918,2.9000000953674316,3.0,22500.0
2021-02-05 00:00:00,3.049999952316284,3.049999952316284,3.119999885559082,3.0199999809265137,3.0199999809265137,12300.0
2021-02-08 00:00:00,3.7100000381469727,3.7100000381469727,3.799999952316284,3.0,3.0,101900.0
2021-02-09 00:00:00,3.809999942779541,3.809999942779541,4.050000190734863,3.740000009536743,3.740000009536743,120300.0
2021-02-10 00:00:00,3.7100000381469727,3.7100000381469727,3.799999952316284,3.7100000381469727,3.7799999713897705,16700.0
2021-02-11 00:00:00,3.7799999713897705,3.7799999713897705,3.990000009536743,3.700000047683716,3.7899999618530273,14900.0
2021-02-12 00:00:00,3.559999942779541,3.559999942779541,3.75,3.430000066757202,3.75,20100.0
2021-02-16 00:00:00,3.7899999618530273,3.7899999618530273,3.9000000953674316,3.680000066757202,3.700000047683716,13200.0
2021-02-17 00:00:00,3.75,3.75,3.8499999046325684,3.6600000858306885,3.8299999237060547,14400.0
2021-02-18 00:00:00,3.5399999618530273,3.5399999618530273,3.75,3.5299999713897705,3.75,2000.0
2021-02-19 00:00:00,3.799999952316284,3.799999952316284,3.799999952316284,3.630000114440918,3.700000047683716,13900.0
2021-02-22 00:00:00,3.4000000953674316,3.4000000953674316,3.5899999141693115,3.4000000953674316,3.4000000953674316,12800.0
2021-02-23 00:00:00,3.1600000858306885,3.1600000858306885,3.2799999713897705,2.799999952316284,3.25,52000.0
2021-02-24 00:00:00,3.319999933242798,3.319999933242798,3.3499999046325684,3.200000047683716,3.2100000381469727,6500.0
2021-02-25 00:00:00,3.0399999618530273,3.0399999618530273,3.299999952316284,3.0399999618530273,3.2899999618530273,16600.0
2021-02-26 00:00:00,3.2200000286102295,3.2200000286102295,3.3399999141693115,3.0999999046325684,3.299999952316284,7400.0
2021-03-01 00:00:00,3.2200000286102295,3.2200000286102295,3.2300000190734863,3.140000104904175,3.2200000286102295,4800.0
2021-03-02 00:00:00,3.2200000286102295,3.2200000286102295,3.390000104904175,3.2200000286102295,3.390000104904175,3300.0
2021-03-03 00:00:00,3.390000104904175,3.390000104904175,3.430000066757202,3.190000057220459,3.2100000381469727,6100.0
2021-03-04 00:00:00,2.890000104904175,2.890000104904175,3.299999952316284,2.7100000381469727,3.299999952316284,23000.0
2021-03-05 00:00:00,3.75,3.75,6.110000133514404,3.0999999046325684,4.820000171661377,15069400.0
2021-03-08 00:00:00,3.180000066757202,3.180000066757202,3.809999942779541,3.1500000953674316,3.380000114440918,628900.0
2021-03-09 00:00:00,3.309999942779541,3.309999942779541,3.5,3.180000066757202,3.180000066757202,115200.0
2021-03-10 00:00:00,3.450000047683716,3.450000047683716,3.549999952316284,3.309999942779541,3.390000104904175,125200.0
2021-03-11 00:00:00,3.569999933242798,3.569999933242798,3.5999999046325684,3.3299999237060547,3.4600000381469727,60900.0
2021-03-12 00:00:00,3.390000104904175,3.390000104904175,3.5899999141693115,3.3499999046325684,3.5899999141693115,60000.0
2021-03-15 00:00:00,3.3499999046325684,3.3499999046325684,3.490000009536743,3.240000009536743,3.490000009536743,51500.0
2021-03-16 00:00:00,3.309999942779541,3.309999942779541,3.4700000286102295,3.25,3.359999895095825,34500.0
2021-03-17 00:00:00,3.369999885559082,3.369999885559082,3.450000047683716,3.2899999618530273,3.3399999141693115,14300.0
2021-03-18 00:00:00,3.319999933242798,3.319999933242798,3.359999895095825,3.259999990463257,3.2899999618530273,20600.0
2021-03-19 00:00:00,3.390000104904175,3.390000104904175,3.4700000286102295,3.2699999809265137,3.2699999809265137,41500.0
2021-03-22 00:00:00,3.609999895095825,3.609999895095825,3.799999952316284,3.5199999809265137,3.5199999809265137,105200.0
2021-03-23 00:00:00,3.609999895095825,3.609999895095825,3.759999990463257,3.4800000190734863,3.4800000190734863,39700.0
2021-03-24 00:00:00,3.5199999809265137,3.5199999809265137,3.700000047683716,3.380000114440918,3.6500000953674316,48600.0
2021-03-25 00:00:00,3.4000000953674316,3.4000000953674316,3.5199999809265137,3.3299999237060547,3.440000057220459,31000.0
2021-03-26 00:00:00,3.4100000858306885,3.4100000858306885,3.5,3.3399999141693115,3.5,24000.0
2021-03-29 00:00:00,3.3399999141693115,3.3399999141693115,3.700000047683716,3.25,3.4000000953674316,51000.0
2021-03-30 00:00:00,3.2899999618530273,3.2899999618530273,3.440000057220459,3.190000057220459,3.2899999618530273,25200.0
2021-03-31 00:00:00,3.3299999237060547,3.3299999237060547,3.430000066757202,3.25,3.25,21500.0
2021-04-01 00:00:00,3.4100000858306885,3.4100000858306885,3.559999942779541,3.3299999237060547,3.4200000762939453,34000.0
2021-04-05 00:00:00,3.5899999141693115,3.5899999141693115,3.5899999141693115,3.4200000762939453,3.450000047683716,48200.0
2021-04-06 00:00:00,3.4200000762939453,3.4200000762939453,3.509999990463257,3.390000104904175,3.4800000190734863,19800.0
2021-04-07 00:00:00,3.3299999237060547,3.3299999237060547,3.5399999618530273,3.2899999618530273,3.450000047683716,22100.0
2021-04-08 00:00:00,3.359999895095825,3.359999895095825,3.4200000762939453,3.309999942779541,3.319999933242798,11600.0
2021-04-09 00:00:00,3.2799999713897705,3.2799999713897705,3.380000114440918,3.2100000381469727,3.2799999713897705,8700.0
2021-04-12 00:00:00,3.2799999713897705,3.2799999713897705,3.369999885559082,3.259999990463257,3.319999933242798,8200.0
2021-04-13 00:00:00,3.2899999618530273,3.2899999618530273,3.390000104904175,3.2200000286102295,3.390000104904175,4400.0
2021-04-14 00:00:00,3.240000009536743,3.240000009536743,3.3299999237060547,3.2100000381469727,3.2300000190734863,2900.0
2021-04-15 00:00:00,3.0999999046325684,3.0999999046325684,3.319999933242798,3.0899999141693115,3.2200000286102295,26300.0
2021-04-16 00:00:00,3.1700000762939453,3.1700000762939453,3.2300000190734863,3.069999933242798,3.2300000190734863,4900.0
2021-04-19 00:00:00,3.0999999046325684,3.0999999046325684,3.180000066757202,3.069999933242798,3.1600000858306885,34600.0
2021-04-20 00:00:00,3.0,3.0,3.1600000858306885,2.950000047683716,3.1500000953674316,24000.0
2021-04-21 00:00:00,3.299999952316284,3.299999952316284,3.299999952316284,3.0399999618530273,3.0399999618530273,24500.0
2021-04-22 00:00:00,3.2300000190734863,3.2300000190734863,3.319999933242798,3.140000104904175,3.240000009536743,13500.0
2021-04-23 00:00:00,3.2100000381469727,3.2100000381469727,3.2799999713897705,3.140000104904175,3.140000104904175,3100.0
2021-04-26 00:00:00,3.309999942779541,3.309999942779541,3.3399999141693115,3.1700000762939453,3.1700000762939453,4400.0
2021-04-27 00:00:00,3.3499999046325684,3.3499999046325684,3.430000066757202,3.2100000381469727,3.2100000381469727,14300.0
2021-04-28 00:00:00,3.7200000286102295,3.7200000286102295,3.7200000286102295,3.490000009536743,3.5,100000.0
2021-04-29 00:00:00,3.559999942779541,3.559999942779541,3.809999942779541,3.450000047683716,3.7699999809265137,19900.0
2021-04-30 00:00:00,3.690000057220459,3.690000057220459,3.700000047683716,3.4800000190734863,3.5999999046325684,38600.0
2021-05-03 00:00:00,3.509999990463257,3.509999990463257,3.6600000858306885,3.509999990463257,3.6600000858306885,4800.0
2021-05-04 00:00:00,3.5299999713897705,3.5299999713897705,3.5399999618530273,3.4800000190734863,3.509999990463257,6500.0
2021-05-05 00:00:00,3.450000047683716,3.450000047683716,3.5899999141693115,3.369999885559082,3.4700000286102295,4200.0
2021-05-06 00:00:00,3.430000066757202,3.430000066757202,3.5399999618530273,3.319999933242798,3.5399999618530273,6600.0
2021-05-07 00:00:00,3.4000000953674316,3.4000000953674316,3.5999999046325684,3.4000000953674316,3.5999999046325684,4900.0
2021-05-10 00:00:00,3.440000057220459,3.440000057220459,3.5899999141693115,3.4100000858306885,3.4100000858306885,8500.0
2021-05-11 00:00:00,3.3499999046325684,3.3499999046325684,3.4200000762939453,3.3299999237060547,3.4200000762939453,18200.0
2021-05-12 00:00:00,3.3299999237060547,3.3299999237060547,3.4200000762939453,3.3299999237060547,3.390000104904175,3900.0
2021-05-13 00:00:00,3.3299999237060547,3.3299999237060547,3.369999885559082,3.259999990463257,3.259999990463257,11000.0
2021-05-14 00:00:00,3.380000114440918,3.380000114440918,3.4200000762939453,3.109999895095825,3.109999895095825,6300.0
2021-05-17 00:00:00,3.25,3.25,3.369999885559082,3.25,3.359999895095825,3300.0
2021-05-18 00:00:00,3.5199999809265137,3.5199999809265137,3.5999999046325684,3.450000047683716,3.4700000286102295,36500.0
2021-05-19 00:00:00,3.5299999713897705,3.5299999713897705,3.680000066757202,3.369999885559082,3.369999885559082,23800.0
2021-05-20 00:00:00,3.5799999237060547,3.5799999237060547,3.6700000762939453,3.4800000190734863,3.4800000190734863,12400.0
2021-05-21 00:00:00,3.490000009536743,3.490000009536743,3.640000104904175,3.490000009536743,3.5799999237060547,2200.0
2021-05-24 00:00:00,3.640000104904175,3.640000104904175,3.640000104904175,3.640000104904175,3.640000104904175,1800.0
2021-05-25 00:00:00,3.4000000953674316,3.4000000953674316,3.569999933242798,3.3499999046325684,3.390000104904175,3600.0
2021-05-26 00:00:00,3.559999942779541,3.559999942779541,3.569999933242798,3.5,3.5299999713897705,2300.0
2021-05-27 00:00:00,3.450000047683716,3.450000047683716,3.490000009536743,3.4000000953674316,3.4000000953674316,4600.0
2021-05-28 00:00:00,3.5299999713897705,3.5299999713897705,3.619999885559082,3.3399999141693115,3.3399999141693115,2400.0
2021-06-01 00:00:00,3.5399999618530273,3.5399999618530273,3.5399999618530273,3.5199999809265137,3.5399999618530273,4700.0
2021-06-02 00:00:00,3.549999952316284,3.549999952316284,3.549999952316284,3.549999952316284,3.549999952316284,700.0
2021-06-03 00:00:00,3.5199999809265137,3.5199999809265137,3.549999952316284,3.3299999237060547,3.440000057220459,20800.0
2021-06-04 00:00:00,3.450000047683716,3.450000047683716,3.5299999713897705,3.3499999046325684,3.3499999046325684,4000.0
2021-06-07 00:00:00,3.5,3.5,3.5799999237060547,3.390000104904175,3.5799999237060547,25900.0
2021-06-08 00:00:00,3.630000114440918,3.630000114440918,3.6500000953674316,3.4700000286102295,3.5,38100.0
2021-06-09 00:00:00,3.640000104904175,3.640000104904175,3.700000047683716,3.5799999237060547,3.6500000953674316,4900.0
2021-06-10 00:00:00,3.6500000953674316,3.6500000953674316,3.7100000381469727,3.5999999046325684,3.640000104904175,9100.0
2021-06-11 00:00:00,3.569999933242798,3.569999933242798,3.700000047683716,3.559999942779541,3.700000047683716,22600.0
2021-06-14 00:00:00,3.559999942779541,3.559999942779541,3.559999942779541,3.4600000381469727,3.549999952316284,14900.0
2021-06-15 00:00:00,3.450000047683716,3.450000047683716,3.490000009536743,3.440000057220459,3.490000009536743,1000.0
2021-06-16 00:00:00,3.2799999713897705,3.2799999713897705,3.4200000762939453,3.2100000381469727,3.4200000762939453,24400.0
2021-06-17 00:00:00,3.2699999809265137,3.2699999809265137,3.309999942779541,3.259999990463257,3.259999990463257,4600.0
2021-06-18 00:00:00,3.359999895095825,3.359999895095825,3.549999952316284,3.25,3.4200000762939453,44300.0
2021-06-21 00:00:00,3.3299999237060547,3.3299999237060547,3.4800000190734863,3.309999942779541,3.309999942779541,4600.0
2021-06-22 00:00:00,3.3399999141693115,3.3399999141693115,3.430000066757202,3.319999933242798,3.359999895095825,3900.0
2021-06-23 00:00:00,3.4000000953674316,3.4000000953674316,3.4800000190734863,3.369999885559082,3.440000057220459,7200.0
2021-06-24 00:00:00,3.490000009536743,3.490000009536743,3.569999933242798,3.490000009536743,3.509999990463257,7600.0
2021-06-25 00:00:00,3.5899999141693115,3.5899999141693115,3.799999952316284,3.490000009536743,3.799999952316284,25800.0
2021-06-28 00:00:00,3.690000057220459,3.690000057220459,3.740000009536743,3.5799999237060547,3.5799999237060547,30300.0
2021-06-29 00:00:00,3.7699999809265137,3.7699999809265137,3.799999952316284,3.7300000190734863,3.7699999809265137,21100.0
2021-06-30 00:00:00,3.990000009536743,3.990000009536743,4.059999942779541,3.869999885559082,3.9100000858306885,30500.0
2021-07-01 00:00:00,3.9800000190734863,3.9800000190734863,4.099999904632568,3.809999942779541,4.099999904632568,18400.0
2021-07-02 00:00:00,3.940000057220459,3.940000057220459,3.940000057220459,3.8399999141693115,3.869999885559082,19200.0
2021-07-06 00:00:00,3.6500000953674316,3.6500000953674316,3.75,3.5199999809265137,3.7100000381469727,10300.0
2021-07-07 00:00:00,3.7300000190734863,3.7300000190734863,3.7300000190734863,3.4700000286102295,3.4700000286102295,3400.0
2021-07-08 00:00:00,3.609999895095825,3.609999895095825,3.6700000762939453,3.5899999141693115,3.5899999141693115,1600.0
2021-07-09 00:00:00,3.6700000762939453,3.6700000762939453,3.6700000762939453,3.5,3.559999942779541,4200.0
2021-07-12 00:00:00,3.4700000286102295,3.4700000286102295,3.549999952316284,3.369999885559082,3.369999885559082,7500.0
2021-07-13 00:00:00,3.5,3.5,3.5399999618530273,3.2799999713897705,3.2799999713897705,16700.0
2021-07-14 00:00:00,3.569999933242798,3.569999933242798,3.930000066757202,3.390000104904175,3.569999933242798,4700.0
2021-07-15 00:00:00,3.4700000286102295,3.4700000286102295,3.5,3.369999885559082,3.4100000858306885,6100.0
2021-07-16 00:00:00,3.5,3.5,3.5299999713897705,3.440000057220459,3.4700000286102295,16700.0
2021-07-19 00:00:00,3.690000057220459,3.690000057220459,4.019999980926514,3.369999885559082,3.549999952316284,117600.0
2021-07-20 00:00:00,3.640000104904175,3.640000104904175,3.6600000858306885,3.5199999809265137,3.559999942779541,46400.0
2021-07-21 00:00:00,3.9200000762939453,3.9200000762939453,4.480000019073486,3.430000066757202,3.430000066757202,208400.0
2021-07-22 00:00:00,4.150000095367432,4.150000095367432,4.28000020980835,3.9600000381469727,4.059999942779541,113100.0
2021-07-23 00:00:00,4.449999809265137,4.449999809265137,6.690000057220459,4.0,4.159999847412109,3989600.0
2021-07-26 00:00:00,3.5999999046325684,3.5999999046325684,4.46999979019165,3.5399999618530273,4.429999828338623,306300.0
2021-07-27 00:00:00,3.6600000858306885,3.6600000858306885,3.799999952316284,3.4000000953674316,3.759999990463257,231500.0
2021-07-28 00:00:00,3.569999933242798,3.569999933242798,3.680000066757202,3.5,3.619999885559082,46200.0
2021-07-29 00:00:00,3.559999942779541,3.559999942779541,3.869999885559082,3.4600000381469727,3.5399999618530273,131200.0
2021-07-30 00:00:00,3.5,3.5,3.549999952316284,3.3399999141693115,3.5399999618530273,77500.0
2021-08-02 00:00:00,3.5399999618530273,3.5399999618530273,3.5999999046325684,3.430000066757202,3.5299999713897705,21400.0
2021-08-03 00:00:00,3.5799999237060547,3.5799999237060547,3.5999999046325684,3.430000066757202,3.5799999237060547,31700.0
2021-08-04 00:00:00,3.430000066757202,3.430000066757202,3.5899999141693115,3.359999895095825,3.5899999141693115,31800.0
2021-08-05 00:00:00,3.509999990463257,3.509999990463257,3.5199999809265137,3.4100000858306885,3.440000057220459,13000.0
2021-08-06 00:00:00,3.559999942779541,3.559999942779541,3.609999895095825,3.4000000953674316,3.609999895095825,26200.0
2021-08-09 00:00:00,3.509999990463257,3.509999990463257,3.5299999713897705,3.4600000381469727,3.4600000381469727,10800.0
2021-08-10 00:00:00,3.4700000286102295,3.4700000286102295,3.5399999618530273,3.390000104904175,3.5199999809265137,9100.0
2021-08-11 00:00:00,3.4700000286102295,3.4700000286102295,3.630000114440918,3.430000066757202,3.4800000190734863,37800.0
2021-08-12 00:00:00,3.799999952316284,3.799999952316284,3.799999952316284,3.5299999713897705,3.5299999713897705,83900.0
2021-08-13 00:00:00,3.549999952316284,3.549999952316284,3.7300000190734863,3.549999952316284,3.7300000190734863,21000.0
2021-08-16 00:00:00,3.6500000953674316,3.6500000953674316,3.7100000381469727,3.4800000190734863,3.5399999618530273,53100.0
2021-08-17 00:00:00,3.640000104904175,3.640000104904175,3.6600000858306885,3.4600000381469727,3.6600000858306885,30100.0
2021-08-18 00:00:00,3.549999952316284,3.549999952316284,3.7699999809265137,3.4600000381469727,3.5999999046325684,47500.0
2021-08-19 00:00:00,3.9800000190734863,3.9800000190734863,4.349999904632568,3.450000047683716,3.5,679300.0
2021-08-20 00:00:00,4.590000152587891,4.590000152587891,5.199999809265137,3.9800000190734863,3.990000009536743,1528400.0
2021-08-23 00:00:00,4.150000095367432,4.150000095367432,4.599999904632568,4.130000114440918,4.25,163300.0
2021-08-24 00:00:00,4.679999828338623,4.679999828338623,5.099999904632568,4.300000190734863,4.300000190734863,418400.0
2021-08-25 00:00:00,4.710000038146973,4.710000038146973,4.829999923706055,4.550000190734863,4.71999979019165,193700.0
2021-08-26 00:00:00,4.460000038146973,4.460000038146973,4.78000020980835,4.400000095367432,4.699999809265137,60100.0
2021-08-27 00:00:00,4.630000114440918,4.630000114440918,4.75,4.269999980926514,4.420000076293945,86800.0
2021-08-30 00:00:00,5.090000152587891,5.090000152587891,5.179999828338623,4.710000038146973,4.800000190734863,201100.0
2021-08-31 00:00:00,4.949999809265137,4.949999809265137,5.170000076293945,4.570000171661377,5.019999980926514,114100.0
2021-09-01 00:00:00,4.769999980926514,4.769999980926514,4.989999771118164,4.650000095367432,4.800000190734863,45000.0
2021-09-02 00:00:00,5.199999809265137,5.199999809265137,5.650000095367432,4.690000057220459,4.840000152587891,635200.0
2021-09-03 00:00:00,4.699999809265137,4.699999809265137,5.139999866485596,4.679999828338623,5.119999885559082,98800.0
2021-09-07 00:00:00,4.989999771118164,4.989999771118164,4.989999771118164,4.679999828338623,4.679999828338623,59400.0
2021-09-08 00:00:00,4.670000076293945,4.670000076293945,4.949999809265137,4.670000076293945,4.880000114440918,35400.0
2021-09-09 00:00:00,4.630000114440918,4.630000114440918,4.78000020980835,4.610000133514404,4.75,54100.0
2021-09-10 00:00:00,4.489999771118164,4.489999771118164,4.789999961853027,4.409999847412109,4.75,64700.0
2021-09-13 00:00:00,4.420000076293945,4.420000076293945,4.559999942779541,4.420000076293945,4.440000057220459,7900.0
2021-09-14 00:00:00,4.110000133514404,4.110000133514404,4.480000019073486,4.110000133514404,4.480000019073486,25800.0
2021-09-15 00:00:00,4.139999866485596,4.139999866485596,4.550000190734863,4.010000228881836,4.099999904632568,72900.0
2021-09-16 00:00:00,4.110000133514404,4.110000133514404,4.420000076293945,4.010000228881836,4.059999942779541,15600.0
2021-09-17 00:00:00,4.21999979019165,4.21999979019165,4.349999904632568,4.150000095367432,4.179999828338623,8800.0
2021-09-20 00:00:00,4.130000114440918,4.130000114440918,4.360000133514404,4.059999942779541,4.059999942779541,48200.0
2021-09-21 00:00:00,4.230000019073486,4.230000019073486,4.369999885559082,4.099999904632568,4.190000057220459,60900.0
2021-09-22 00:00:00,4.21999979019165,4.21999979019165,4.349999904632568,4.119999885559082,4.349999904632568,8600.0
2021-09-23 00:00:00,4.110000133514404,4.110000133514404,4.300000190734863,4.090000152587891,4.210000038146973,19000.0
2021-09-24 00:00:00,4.289999961853027,4.289999961853027,4.409999847412109,4.039999961853027,4.139999866485596,29200.0
2021-09-27 00:00:00,4.139999866485596,4.139999866485596,4.440000057220459,4.079999923706055,4.190000057220459,87800.0
2021-09-28 00:00:00,4.340000152587891,4.340000152587891,4.440000057220459,4.050000190734863,4.150000095367432,79700.0
2021-09-29 00:00:00,4.170000076293945,4.170000076293945,4.300000190734863,4.150000095367432,4.300000190734863,24300.0
2021-09-30 00:00:00,4.380000114440918,4.380000114440918,4.5,4.139999866485596,4.150000095367432,112400.0
2021-10-01 00:00:00,4.409999847412109,4.409999847412109,4.449999809265137,4.260000228881836,4.449999809265137,7700.0
2021-10-04 00:00:00,4.300000190734863,4.300000190734863,4.46999979019165,4.210000038146973,4.269999980926514,36000.0
2021-10-05 00:00:00,4.230000019073486,4.230000019073486,4.320000171661377,4.210000038146973,4.320000171661377,24000.0
2021-10-06 00:00:00,3.819999933242798,3.819999933242798,4.199999809265137,3.819999933242798,4.199999809265137,88900.0
2021-10-07 00:00:00,3.8299999237060547,3.8299999237060547,3.9600000381469727,3.819999933242798,3.9200000762939453,29800.0
2021-10-08 00:00:00,3.940000057220459,3.940000057220459,3.9800000190734863,3.869999885559082,3.9000000953674316,17400.0
2021-10-11 00:00:00,4.090000152587891,4.090000152587891,4.170000076293945,3.950000047683716,3.950000047683716,40300.0
2021-10-12 00:00:00,4.039999961853027,4.039999961853027,4.179999828338623,4.010000228881836,4.179999828338623,7400.0
2021-10-13 00:00:00,4.010000228881836,4.010000228881836,4.059999942779541,3.950000047683716,3.950000047683716,11200.0
2021-10-14 00:00:00,3.950000047683716,3.950000047683716,3.990000009536743,3.950000047683716,3.990000009536743,11100.0
2021-10-15 00:00:00,3.930000066757202,3.930000066757202,3.950000047683716,3.880000114440918,3.880000114440918,1700.0
2021-10-18 00:00:00,3.9800000190734863,3.9800000190734863,4.199999809265137,3.8499999046325684,3.9600000381469727,37700.0
2021-10-19 00:00:00,4.0,4.0,4.170000076293945,3.9200000762939453,4.019999980926514,26800.0
2021-10-20 00:00:00,4.03000020980835,4.03000020980835,4.059999942779541,3.9000000953674316,4.059999942779541,6700.0
2021-10-21 00:00:00,3.809999942779541,3.809999942779541,4.019999980926514,3.799999952316284,3.9200000762939453,31700.0
2021-10-22 00:00:00,3.740000009536743,3.740000009536743,3.930000066757202,3.700000047683716,3.930000066757202,17200.0
2021-10-25 00:00:00,3.809999942779541,3.809999942779541,3.809999942779541,3.7300000190734863,3.75,5300.0
2021-10-26 00:00:00,3.759999990463257,3.759999990463257,3.8299999237060547,3.7100000381469727,3.7300000190734863,5700.0
2021-10-27 00:00:00,3.799999952316284,3.799999952316284,4.579999923706055,3.609999895095825,3.799999952316284,341600.0
2021-10-28 00:00:00,3.799999952316284,3.799999952316284,3.890000104904175,3.5999999046325684,3.7799999713897705,24900.0
2021-10-29 00:00:00,3.819999933242798,3.819999933242798,3.8499999046325684,3.6600000858306885,3.75,11000.0
2021-11-01 00:00:00,3.9100000858306885,3.9100000858306885,3.950000047683716,3.7699999809265137,3.8399999141693115,84100.0
2021-11-02 00:00:00,3.890000104904175,3.890000104904175,3.950000047683716,3.890000104904175,3.9000000953674316,5800.0
2021-11-03 00:00:00,3.9700000286102295,3.9700000286102295,4.190000057220459,3.890000104904175,3.890000104904175,89300.0
2021-11-04 00:00:00,4.0,4.0,4.0,3.9100000858306885,3.9200000762939453,6100.0
2021-11-05 00:00:00,3.9700000286102295,3.9700000286102295,4.03000020980835,3.8399999141693115,3.990000009536743,15700.0
2021-11-08 00:00:00,3.869999885559082,3.869999885559082,3.9600000381469727,3.869999885559082,3.950000047683716,2300.0
2021-11-09 00:00:00,3.740000009536743,3.740000009536743,3.869999885559082,3.7300000190734863,3.7799999713897705,32600.0
2021-11-10 00:00:00,3.6600000858306885,3.6600000858306885,3.9000000953674316,3.609999895095825,3.7100000381469727,54400.0
2021-11-11 00:00:00,3.5799999237060547,3.5799999237060547,3.700000047683716,3.180000066757202,3.6700000762939453,23200.0
2021-11-12 00:00:00,3.5999999046325684,3.5999999046325684,3.6500000953674316,3.5799999237060547,3.619999885559082,7700.0
2021-11-15 00:00:00,3.5799999237060547,3.5799999237060547,3.740000009536743,3.5,3.740000009536743,32100.0
2021-11-16 00:00:00,3.5,3.5,3.5199999809265137,3.440000057220459,3.509999990463257,11100.0
2021-11-17 00:00:00,3.430000066757202,3.430000066757202,3.619999885559082,3.3299999237060547,3.5,24000.0
2021-11-18 00:00:00,3.380000114440918,3.380000114440918,3.5899999141693115,3.200000047683716,3.450000047683716,22500.0
2021-11-19 00:00:00,3.309999942779541,3.309999942779541,3.440000057220459,3.2200000286102295,3.309999942779541,19700.0
2021-11-22 00:00:00,3.0799999237060547,3.0799999237060547,3.3499999046325684,3.009999990463257,3.3499999046325684,43400.0
2021-11-23 00:00:00,3.0,3.0,3.180000066757202,2.990000009536743,3.1700000762939453,38800.0
2021-11-24 00:00:00,3.069999933242798,3.069999933242798,3.0999999046325684,3.0399999618530273,3.0799999237060547,19900.0
2021-11-26 00:00:00,2.990000009536743,2.990000009536743,3.059999942779541,2.9600000381469727,3.059999942779541,19200.0
2021-11-29 00:00:00,3.25,3.25,3.390000104904175,3.0899999141693115,3.109999895095825,30000.0
2021-11-30 00:00:00,3.200000047683716,3.200000047683716,3.25,3.119999885559082,3.200000047683716,7300.0
2021-12-01 00:00:00,3.3399999141693115,3.3399999141693115,3.450000047683716,3.1500000953674316,3.1500000953674316,37800.0
2021-12-02 00:00:00,3.140000104904175,3.140000104904175,3.299999952316284,3.140000104904175,3.299999952316284,6900.0
2021-12-03 00:00:00,3.049999952316284,3.049999952316284,3.180000066757202,3.049999952316284,3.130000114440918,7100.0
2021-12-06 00:00:00,3.109999895095825,3.109999895095825,3.190000057220459,2.9700000286102295,3.0399999618530273,14500.0
2021-12-07 00:00:00,3.109999895095825,3.109999895095825,3.190000057220459,3.059999942779541,3.109999895095825,7900.0
2021-12-08 00:00:00,3.130000114440918,3.130000114440918,3.200000047683716,3.009999990463257,3.190000057220459,83700.0
2021-12-09 00:00:00,2.9800000190734863,2.9800000190734863,3.0899999141693115,2.9800000190734863,3.0899999141693115,16600.0
2021-12-10 00:00:00,3.059999942779541,3.059999942779541,3.059999942779541,2.9000000953674316,3.009999990463257,13000.0
2021-12-13 00:00:00,3.0299999713897705,3.0299999713897705,3.059999942779541,2.9200000762939453,3.059999942779541,25000.0
2021-12-14 00:00:00,2.990000009536743,2.990000009536743,2.990000009536743,2.8399999141693115,2.9600000381469727,16900.0
2021-12-15 00:00:00,2.930000066757202,2.930000066757202,2.9600000381469727,2.799999952316284,2.869999885559082,6600.0
2021-12-16 00:00:00,2.9100000858306885,2.9100000858306885,3.009999990463257,2.8299999237060547,2.9000000953674316,36300.0
2021-12-17 00:00:00,2.940000057220459,2.940000057220459,2.9800000190734863,2.7899999618530273,2.9800000190734863,1500.0
2021-12-20 00:00:00,2.630000114440918,2.630000114440918,2.9000000953674316,2.569999933242798,2.799999952316284,45100.0
2021-12-21 00:00:00,2.7100000381469727,2.7100000381469727,2.75,2.640000104904175,2.6500000953674316,6900.0
2021-12-22 00:00:00,2.75,2.75,2.859999895095825,2.6700000762939453,2.8399999141693115,14100.0
2021-12-23 00:00:00,2.7200000286102295,2.7200000286102295,2.799999952316284,2.690000057220459,2.690000057220459,9700.0
2021-12-27 00:00:00,2.690000057220459,2.690000057220459,2.7200000286102295,2.559999942779541,2.7200000286102295,48700.0
2021-12-28 00:00:00,2.6500000953674316,2.6500000953674316,2.7300000190734863,2.569999933242798,2.630000114440918,75300.0
2021-12-29 00:00:00,2.809999942779541,2.809999942779541,2.819999933242798,2.6500000953674316,2.6500000953674316,74100.0
2021-12-30 00:00:00,2.9100000858306885,2.9100000858306885,2.950000047683716,2.759999990463257,2.7699999809265137,10800.0
2021-12-31 00:00:00,2.7699999809265137,2.7699999809265137,2.9800000190734863,2.7699999809265137,2.880000114440918,4600.0
2022-01-03 00:00:00,2.880000114440918,2.880000114440918,2.880000114440918,2.7300000190734863,2.7899999618530273,5300.0
2022-01-04 00:00:00,2.75,2.75,2.9000000953674316,2.75,2.890000104904175,2500.0
2022-01-05 00:00:00,2.7300000190734863,2.7300000190734863,2.8399999141693115,2.700000047683716,2.809999942779541,14400.0
2022-01-06 00:00:00,2.740000009536743,2.740000009536743,2.799999952316284,2.700000047683716,2.75,7300.0
2022-01-07 00:00:00,2.700000047683716,2.700000047683716,2.9600000381469727,2.690000057220459,2.9600000381469727,6900.0
2022-01-10 00:00:00,2.7300000190734863,2.7300000190734863,2.740000009536743,2.680000066757202,2.7100000381469727,6300.0
2022-01-11 00:00:00,2.869999885559082,2.869999885559082,2.9200000762939453,2.7300000190734863,2.7300000190734863,1700.0
2022-01-12 00:00:00,2.6500000953674316,2.6500000953674316,2.819999933242798,2.6500000953674316,2.819999933242798,2000.0
2022-01-13 00:00:00,2.890000104904175,2.890000104904175,3.0,2.759999990463257,2.799999952316284,59100.0
2022-01-14 00:00:00,2.9100000858306885,2.9100000858306885,2.9100000858306885,2.7699999809265137,2.9000000953674316,3800.0
2022-01-18 00:00:00,2.7899999618530273,2.7899999618530273,2.890000104904175,2.75,2.890000104904175,14900.0
2022-01-19 00:00:00,2.75,2.75,2.8299999237060547,2.700000047683716,2.8299999237060547,10600.0
2022-01-20 00:00:00,2.759999990463257,2.759999990463257,2.809999942779541,2.6700000762939453,2.7799999713897705,5600.0
2022-01-21 00:00:00,2.5399999618530273,2.5399999618530273,2.6700000762939453,2.369999885559082,2.5999999046325684,13700.0
2022-01-24 00:00:00,2.4000000953674316,2.4000000953674316,2.4800000190734863,2.25,2.3499999046325684,13700.0
2022-01-25 00:00:00,2.390000104904175,2.390000104904175,2.4200000762939453,2.319999933242798,2.4000000953674316,3700.0
2022-01-26 00:00:00,2.569999933242798,2.569999933242798,2.569999933242798,2.390000104904175,2.4000000953674316,3800.0
2022-01-27 00:00:00,2.509999990463257,2.509999990463257,2.549999952316284,2.3399999141693115,2.549999952316284,600.0
2022-01-28 00:00:00,2.440000057220459,2.440000057220459,2.5,2.3299999237060547,2.450000047683716,3300.0
2022-01-31 00:00:00,2.5199999809265137,2.5199999809265137,2.5199999809265137,2.3499999046325684,2.390000104904175,1900.0
2022-02-01 00:00:00,2.5299999713897705,2.5299999713897705,2.5299999713897705,2.5299999713897705,2.5299999713897705,600.0
2022-02-02 00:00:00,2.5999999046325684,2.5999999046325684,2.5999999046325684,2.5,2.509999990463257,5900.0
2022-02-03 00:00:00,2.319999933242798,2.319999933242798,2.4700000286102295,2.319999933242798,2.359999895095825,6900.0
2022-02-04 00:00:00,2.369999885559082,2.369999885559082,2.430000066757202,2.2799999713897705,2.2799999713897705,1500.0
2022-02-07 00:00:00,2.369999885559082,2.369999885559082,2.369999885559082,2.369999885559082,2.369999885559082,0.0
2022-02-08 00:00:00,2.390000104904175,2.390000104904175,2.390000104904175,2.309999942779541,2.3299999237060547,2200.0
2022-02-09 00:00:00,2.4700000286102295,2.4700000286102295,2.4700000286102295,2.4700000286102295,2.4700000286102295,1300.0
2022-02-10 00:00:00,2.390000104904175,2.390000104904175,2.390000104904175,2.390000104904175,2.390000104904175,100.0
2022-02-11 00:00:00,2.4000000953674316,2.4000000953674316,2.4000000953674316,2.4000000953674316,2.4000000953674316,1900.0
2022-02-14 00:00:00,2.3499999046325684,2.3499999046325684,2.359999895095825,2.2799999713897705,2.3499999046325684,2200.0
2022-02-15 00:00:00,2.4200000762939453,2.4200000762939453,2.4200000762939453,2.319999933242798,2.319999933242798,2000.0
2022-02-16 00:00:00,2.390000104904175,2.390000104904175,2.390000104904175,2.3499999046325684,2.3499999046325684,2500.0
2022-02-17 00:00:00,2.549999952316284,2.549999952316284,2.549999952316284,2.2699999809265137,2.2699999809265137,1500.0
2022-02-18 00:00:00,2.380000114440918,2.380000114440918,2.430000066757202,2.299999952316284,2.430000066757202,1500.0
2022-02-22 00:00:00,2.380000114440918,2.380000114440918,2.380000114440918,2.380000114440918,2.380000114440918,0.0
2022-02-23 00:00:00,2.5199999809265137,2.5199999809265137,2.5199999809265137,2.2799999713897705,2.2799999713897705,200.0
2022-02-24 00:00:00,2.4000000953674316,2.4000000953674316,2.4000000953674316,2.1500000953674316,2.1500000953674316,1100.0
2022-02-25 00:00:00,2.390000104904175,2.390000104904175,2.4000000953674316,2.200000047683716,2.4000000953674316,1700.0
2022-02-28 00:00:00,2.380000114440918,2.380000114440918,2.380000114440918,2.299999952316284,2.359999895095825,900.0
2022-03-01 00:00:00,2.380000114440918,2.380000114440918,2.380000114440918,2.380000114440918,2.380000114440918,800.0
2022-03-02 00:00:00,2.380000114440918,2.380000114440918,2.380000114440918,2.380000114440918,2.380000114440918,300.0
2022-03-03 00:00:00,2.380000114440918,2.380000114440918,2.380000114440918,2.380000114440918,2.380000114440918,0.0
2022-03-04 00:00:00,2.390000104904175,2.390000104904175,2.390000104904175,2.3299999237060547,2.3299999237060547,400.0
2022-03-07 00:00:00,2.2899999618530273,2.2899999618530273,2.299999952316284,2.1700000762939453,2.1700000762939453,500.0
2022-03-08 00:00:00,2.380000114440918,2.380000114440918,2.4000000953674316,2.1700000762939453,2.180000066757202,2500.0
2022-03-09 00:00:00,2.200000047683716,2.200000047683716,2.3299999237060547,2.180000066757202,2.25,19000.0
2022-03-10 00:00:00,2.200000047683716,2.200000047683716,2.200000047683716,2.0999999046325684,2.180000066757202,4200.0
2022-03-11 00:00:00,2.25,2.25,2.2799999713897705,2.0899999141693115,2.0899999141693115,1300.0
2022-03-14 00:00:00,2.1500000953674316,2.1500000953674316,2.2200000286102295,2.0799999237060547,2.119999885559082,1800.0
2022-03-15 00:00:00,2.130000114440918,2.130000114440918,2.1700000762939453,2.049999952316284,2.069999933242798,4800.0
2022-03-16 00:00:00,2.190000057220459,2.190000057220459,2.190000057220459,2.069999933242798,2.119999885559082,2000.0
2022-03-17 00:00:00,2.130000114440918,2.130000114440918,2.240000009536743,2.130000114440918,2.240000009536743,400.0
2022-03-18 00:00:00,2.200000047683716,2.200000047683716,2.309999942779541,2.200000047683716,2.309999942779541,800.0
2022-03-21 00:00:00,2.1700000762939453,2.1700000762939453,2.6500000953674316,2.059999942779541,2.200000047683716,151600.0
2022-03-22 00:00:00,2.3499999046325684,2.3499999046325684,2.3499999046325684,2.119999885559082,2.190000057220459,16100.0
2022-03-23 00:00:00,2.2300000190734863,2.2300000190734863,2.240000009536743,2.130000114440918,2.130000114440918,2100.0
2022-03-24 00:00:00,2.319999933242798,2.319999933242798,2.369999885559082,2.1500000953674316,2.1600000858306885,6500.0
2022-03-25 00:00:00,2.1700000762939453,2.1700000762939453,2.309999942779541,2.1700000762939453,2.2200000286102295,1100.0
2022-03-28 00:00:00,2.25,2.25,2.2699999809265137,2.059999942779541,2.2300000190734863,2400.0
2022-03-29 00:00:00,2.4000000953674316,2.4000000953674316,2.4000000953674316,2.25,2.25,5100.0
2022-03-30 00:00:00,2.369999885559082,2.369999885559082,2.369999885559082,2.2799999713897705,2.2799999713897705,1500.0
2022-03-31 00:00:00,2.369999885559082,2.369999885559082,2.369999885559082,2.369999885559082,2.369999885559082,0.0
2022-04-01 00:00:00,2.2799999713897705,2.2799999713897705,2.369999885559082,2.109999895095825,2.109999895095825,4100.0
2022-04-04 00:00:00,2.309999942779541,2.309999942779541,2.369999885559082,2.1700000762939453,2.1700000762939453,2000.0
2022-04-05 00:00:00,2.309999942779541,2.309999942779541,2.309999942779541,2.1500000953674316,2.2100000381469727,2500.0
2022-04-06 00:00:00,2.259999990463257,2.259999990463257,2.309999942779541,2.130000114440918,2.2100000381469727,1100.0
2022-04-07 00:00:00,2.1700000762939453,2.1700000762939453,2.25,2.0999999046325684,2.119999885559082,1900.0
2022-04-08 00:00:00,2.2100000381469727,2.2100000381469727,2.3499999046325684,2.0999999046325684,2.0999999046325684,1700.0
2022-04-11 00:00:00,2.2799999713897705,2.2799999713897705,2.2799999713897705,2.180000066757202,2.180000066757202,4400.0
2022-04-12 00:00:00,2.309999942779541,2.309999942779541,2.309999942779541,2.109999895095825,2.109999895095825,1200.0
2022-04-13 00:00:00,2.200000047683716,2.200000047683716,2.200000047683716,2.109999895095825,2.130000114440918,2400.0
2022-04-14 00:00:00,2.3499999046325684,2.3499999046325684,2.3499999046325684,2.119999885559082,2.200000047683716,8100.0
2022-04-18 00:00:00,2.359999895095825,2.359999895095825,2.359999895095825,2.2100000381469727,2.2100000381469727,23600.0
2022-04-19 00:00:00,2.369999885559082,2.369999885559082,2.4700000286102295,2.2799999713897705,2.450000047683716,23000.0
2022-04-20 00:00:00,2.4000000953674316,2.4000000953674316,2.4100000858306885,2.3399999141693115,2.3399999141693115,1200.0
2022-04-21 00:00:00,2.25,2.25,2.4100000858306885,2.200000047683716,2.2699999809265137,10000.0
2022-04-22 00:00:00,2.2899999618530273,2.2899999618530273,2.3399999141693115,2.2899999618530273,2.3399999141693115,1200.0
2022-04-25 00:00:00,2.2100000381469727,2.2100000381469727,2.2899999618530273,2.1600000858306885,2.1600000858306885,1700.0
2022-04-26 00:00:00,2.25,2.25,2.25,2.25,2.25,200.0
2022-04-27 00:00:00,2.2200000286102295,2.2200000286102295,2.2200000286102295,2.2200000286102295,2.2200000286102295,100.0
2022-04-28 00:00:00,2.2100000381469727,2.2100000381469727,2.2200000286102295,2.1500000953674316,2.2100000381469727,1500.0
2022-04-29 00:00:00,2.200000047683716,2.200000047683716,2.3399999141693115,2.200000047683716,2.2300000190734863,2600.0
2022-05-02 00:00:00,2.1700000762939453,2.1700000762939453,2.1700000762939453,2.069999933242798,2.119999885559082,2200.0
2022-05-03 00:00:00,2.130000114440918,2.130000114440918,2.130000114440918,2.069999933242798,2.0799999237060547,4700.0
2022-05-04 00:00:00,2.0999999046325684,2.0999999046325684,2.0999999046325684,2.0899999141693115,2.0999999046325684,400.0
2022-05-05 00:00:00,2.109999895095825,2.109999895095825,2.140000104904175,1.840000033378601,2.0999999046325684,11000.0
2022-05-06 00:00:00,2.0999999046325684,2.0999999046325684,2.0999999046325684,1.9900000095367432,1.9900000095367432,5300.0
2022-05-09 00:00:00,2.0199999809265137,2.0199999809265137,2.0199999809265137,2.0199999809265137,2.0199999809265137,200.0
2022-05-10 00:00:00,1.9800000190734863,1.9800000190734863,1.9800000190734863,1.8200000524520874,1.8799999952316284,400.0
2022-05-11 00:00:00,1.8200000524520874,1.8200000524520874,1.9500000476837158,1.8200000524520874,1.899999976158142,1600.0
2022-05-12 00:00:00,1.6299999952316284,1.6299999952316284,1.7799999713897705,1.4800000190734863,1.7599999904632568,9500.0
2022-05-13 00:00:00,1.690000057220459,1.690000057220459,1.7300000190734863,1.600000023841858,1.600000023841858,10700.0
2022-05-16 00:00:00,1.6399999856948853,1.6399999856948853,1.7899999618530273,1.6399999856948853,1.75,13300.0
2022-05-17 00:00:00,1.8600000143051147,1.8600000143051147,1.8899999856948853,1.7599999904632568,1.7999999523162842,9500.0
2022-05-18 00:00:00,1.7599999904632568,1.7599999904632568,1.850000023841858,1.7100000381469727,1.850000023841858,3600.0
2022-05-19 00:00:00,1.7799999713897705,1.7799999713897705,1.7799999713897705,1.7799999713897705,1.7799999713897705,1200.0
2022-05-20 00:00:00,1.7799999713897705,1.7799999713897705,1.7799999713897705,1.7799999713897705,1.7799999713897705,0.0
2022-05-23 00:00:00,1.8200000524520874,1.8200000524520874,1.840000033378601,1.7400000095367432,1.840000033378601,600.0
2022-05-24 00:00:00,1.840000033378601,1.840000033378601,1.850000023841858,1.809999942779541,1.8300000429153442,600.0
2022-05-25 00:00:00,1.7899999618530273,1.7899999618530273,1.7999999523162842,1.7899999618530273,1.7899999618530273,900.0
2022-05-26 00:00:00,1.600000023841858,1.600000023841858,1.8300000429153442,1.600000023841858,1.8200000524520874,1800.0
2022-05-27 00:00:00,1.7400000095367432,1.7400000095367432,1.8300000429153442,1.7300000190734863,1.8300000429153442,900.0
2022-05-31 00:00:00,1.8200000524520874,1.8200000524520874,1.8300000429153442,1.7999999523162842,1.8300000429153442,3800.0
2022-06-01 00:00:00,1.8200000524520874,1.8200000524520874,1.8200000524520874,1.8200000524520874,1.8200000524520874,0.0
2022-06-02 00:00:00,1.7999999523162842,1.7999999523162842,1.7999999523162842,1.7999999523162842,1.7999999523162842,200.0
2022-06-03 00:00:00,1.7200000286102295,1.7200000286102295,1.7400000095367432,1.7200000286102295,1.7400000095367432,5400.0
2022-06-06 00:00:00,1.7699999809265137,1.7699999809265137,1.7699999809265137,1.7200000286102295,1.75,2200.0
2022-06-07 00:00:00,1.7699999809265137,1.7699999809265137,1.7799999713897705,1.7599999904632568,1.7599999904632568,700.0
2022-06-08 00:00:00,1.7699999809265137,1.7699999809265137,1.7699999809265137,1.7699999809265137,1.7699999809265137,0.0
2022-06-09 00:00:00,1.7699999809265137,1.7699999809265137,1.7699999809265137,1.7699999809265137,1.7699999809265137,0.0
2022-06-10 00:00:00,1.690000057220459,1.690000057220459,1.7000000476837158,1.5099999904632568,1.5099999904632568,1600.0
2022-06-13 00:00:00,1.5800000429153442,1.5800000429153442,1.6299999952316284,1.5399999618530273,1.6299999952316284,2200.0
2022-06-14 00:00:00,1.5800000429153442,1.5800000429153442,1.5800000429153442,1.5800000429153442,1.5800000429153442,0.0
2022-06-15 00:00:00,1.5399999618530273,1.5399999618530273,1.590000033378601,1.4800000190734863,1.590000033378601,2900.0
2022-06-16 00:00:00,1.3799999952316284,1.3799999952316284,1.4900000095367432,1.3600000143051147,1.4800000190734863,1900.0
2022-06-17 00:00:00,1.3899999856948853,1.3899999856948853,1.3899999856948853,1.350000023841858,1.3600000143051147,2100.0
2022-06-21 00:00:00,1.4800000190734863,1.4800000190734863,1.4800000190734863,1.399999976158142,1.399999976158142,6500.0
2022-06-22 00:00:00,1.5,1.5,1.5,1.4900000095367432,1.4900000095367432,600.0
2022-06-23 00:00:00,1.559999942779541,1.559999942779541,1.600000023841858,1.4600000381469727,1.600000023841858,1200.0
2022-06-24 00:00:00,1.559999942779541,1.559999942779541,1.559999942779541,1.559999942779541,1.559999942779541,0.0
2022-06-27 00:00:00,1.6200000047683716,1.6200000047683716,1.6200000047683716,1.6100000143051147,1.6100000143051147,700.0
2022-06-28 00:00:00,1.590000033378601,1.590000033378601,1.590000033378601,1.5099999904632568,1.5499999523162842,1900.0
2022-06-29 00:00:00,1.590000033378601,1.590000033378601,1.590000033378601,1.590000033378601,1.590000033378601,0.0
2022-06-30 00:00:00,1.5199999809265137,1.5199999809265137,1.5199999809265137,1.5199999809265137,1.5199999809265137,300.0
2022-07-01 00:00:00,1.4900000095367432,1.4900000095367432,1.5700000524520874,1.4900000095367432,1.5700000524520874,500.0
2022-07-05 00:00:00,1.5700000524520874,1.5700000524520874,1.5800000429153442,1.4500000476837158,1.4600000381469727,3900.0
2022-07-06 00:00:00,1.6200000047683716,1.6200000047683716,1.6200000047683716,1.5199999809265137,1.5199999809265137,4600.0
2022-07-07 00:00:00,1.5,1.5,1.5499999523162842,1.5,1.5499999523162842,3500.0
2022-07-08 00:00:00,1.5199999809265137,1.5199999809265137,1.5199999809265137,1.5,1.5099999904632568,1600.0
2022-07-11 00:00:00,1.5700000524520874,1.5700000524520874,1.5700000524520874,1.5700000524520874,1.5700000524520874,200.0
2022-07-12 00:00:00,1.6100000143051147,1.6100000143051147,1.6100000143051147,1.5199999809265137,1.5299999713897705,1100.0
2022-07-13 00:00:00,1.5800000429153442,1.5800000429153442,1.6100000143051147,1.5499999523162842,1.6100000143051147,1600.0
2022-07-14 00:00:00,1.5700000524520874,1.5700000524520874,1.600000023841858,1.4800000190734863,1.4800000190734863,5000.0
2022-07-15 00:00:00,1.5099999904632568,1.5099999904632568,1.6100000143051147,1.4600000381469727,1.6100000143051147,1300.0
2022-07-18 00:00:00,1.5,1.5,1.5,1.5,1.5,500.0
2022-07-19 00:00:00,1.590000033378601,1.590000033378601,1.600000023841858,1.5,1.5,900.0
2022-07-20 00:00:00,1.690000057220459,1.690000057220459,1.7000000476837158,1.6100000143051147,1.6200000047683716,3700.0
2022-07-21 00:00:00,1.7599999904632568,1.7599999904632568,1.809999942779541,1.659999966621399,1.7200000286102295,22500.0
2022-07-22 00:00:00,1.690000057220459,1.690000057220459,1.7699999809265137,1.690000057220459,1.7100000381469727,2200.0
2022-07-25 00:00:00,1.6799999475479126,1.6799999475479126,1.6799999475479126,1.659999966621399,1.659999966621399,200.0
2022-07-26 00:00:00,1.6799999475479126,1.6799999475479126,1.7799999713897705,1.559999942779541,1.590000033378601,10000.0
2022-07-27 00:00:00,1.6100000143051147,1.6100000143051147,1.6399999856948853,1.5,1.6399999856948853,5100.0
2022-07-28 00:00:00,1.6299999952316284,1.6299999952316284,1.6299999952316284,1.6299999952316284,1.6299999952316284,200.0
2022-07-29 00:00:00,1.6299999952316284,1.6299999952316284,1.6299999952316284,1.6299999952316284,1.6299999952316284,0.0
2022-08-01 00:00:00,1.600000023841858,1.600000023841858,1.600000023841858,1.4900000095367432,1.559999942779541,1700.0
2022-08-02 00:00:00,1.649999976158142,1.649999976158142,1.8899999856948853,1.5700000524520874,1.600000023841858,49600.0
2022-08-03 00:00:00,1.75,1.75,1.850000023841858,1.6399999856948853,1.6799999475479126,18400.0
2022-08-04 00:00:00,1.659999966621399,1.659999966621399,1.659999966621399,1.649999976158142,1.649999976158142,400.0
2022-08-05 00:00:00,1.6299999952316284,1.6299999952316284,1.7400000095367432,1.6299999952316284,1.6399999856948853,7900.0
2022-08-08 00:00:00,1.7000000476837158,1.7000000476837158,1.7200000286102295,1.659999966621399,1.6799999475479126,4400.0
2022-08-09 00:00:00,1.7400000095367432,1.7400000095367432,2.2200000286102295,1.6699999570846558,1.690000057220459,102900.0
2022-08-10 00:00:00,1.7899999618530273,1.7899999618530273,1.7899999618530273,1.7000000476837158,1.7100000381469727,26800.0
2022-08-11 00:00:00,1.7200000286102295,1.7200000286102295,1.7899999618530273,1.6799999475479126,1.7400000095367432,4600.0
2022-08-12 00:00:00,1.7599999904632568,1.7599999904632568,1.8799999952316284,1.7400000095367432,1.8799999952316284,3400.0
2022-08-15 00:00:00,1.7100000381469727,1.7100000381469727,1.75,1.659999966621399,1.7000000476837158,4500.0
2022-08-16 00:00:00,1.6699999570846558,1.6699999570846558,1.6699999570846558,1.6200000047683716,1.6299999952316284,1700.0
2022-08-17 00:00:00,1.6699999570846558,1.6699999570846558,1.6699999570846558,1.6699999570846558,1.6699999570846558,0.0
2017-08-17 00:00:00,,,,,,
